{
    "@schema": "https://raw.githubusercontent.com/slicer/slicer/master/Modules/Loadable/Markups/Resources/Schema/markups-schema-v1.0.3.json#",
    "markups": [
        {
            "type": "Fiducial",
            "coordinateSystem": "LPS",
            "coordinateUnits": "mm",
            "locked": false,
            "fixedNumberOfControlPoints": false,
            "labelFormat": "%N-%d",
            "lastUsedControlPointNumber": 41,
            "controlPoints": [
                {
                    "id": "vtkMRMLMarkupsFiducialNode_1",
                    "label": "F_1",
                    "description": "",
                    "associatedNodeID": "vtkMRMLVectorVolumeNode12\r",
                    "position": [-108.358, -315.274, -138.048],
                    "orientation": [-1.0, -0.0, -0.0, -0.0, -1.0, -0.0, 0.0, 0.0, 1.0],
                    "selected": true,
                    "locked": false,
                    "visibility": true,
                    "positionStatus": "defined"
                },
                {
                    "id": "vtkMRMLMarkupsFiducialNode_2",
                    "label": "F_2",
                    "description": "",
                    "associatedNodeID": "vtkMRMLVectorVolumeNode12\r",
                    "position": [-112.73, -374.943, -122.228],
                    "orientation": [-1.0, -0.0, -0.0, -0.0, -1.0, -0.0, 0.0, 0.0, 1.0],
                    "selected": true,
                    "locked": false,
                    "visibility": true,
                    "positionStatus": "defined"
                },
                {
                    "id": "vtkMRMLMarkupsFiducialNode_3",
                    "label": "F_3",
                    "description": "",
                    "associatedNodeID": "vtkMRMLVectorVolumeNode12\r",
                    "position": [-108.627, -294.435, -95.177],
                    "orientation": [-1.0, -0.0, -0.0, -0.0, -1.0, -0.0, 0.0, 0.0, 1.0],
                    "selected": true,
                    "locked": false,
                    "visibility": true,
                    "positionStatus": "defined"
                },
                {
                    "id": "vtkMRMLMarkupsFiducialNode_4",
                    "label": "F_4",
                    "description": "",
                    "associatedNodeID": "vtkMRMLVectorVolumeNode12\r",
                    "position": [-108.504, -271.543, -110.436],
                    "orientation": [-1.0, -0.0, -0.0, -0.0, -1.0, -0.0, 0.0, 0.0, 1.0],
                    "selected": true,
                    "locked": false,
                    "visibility": true,
                    "positionStatus": "defined"
                },
                {
                    "id": "vtkMRMLMarkupsFiducialNode_5",
                    "label": "F_5",
                    "description": "",
                    "associatedNodeID": "vtkMRMLVectorVolumeNode12\r",
                    "position": [-108.114, -263.699, -116.923],
                    "orientation": [-1.0, -0.0, -0.0, -0.0, -1.0, -0.0, 0.0, 0.0, 1.0],
                    "selected": true,
                    "locked": false,
                    "visibility": true,
                    "positionStatus": "defined"
                },
                {
                    "id": "vtkMRMLMarkupsFiducialNode_6",
                    "label": "F_6",
                    "description": "",
                    "associatedNodeID": "vtkMRMLVectorVolumeNode12\r",
                    "position": [-106.664, -245.488, -149.917],
                    "orientation": [-1.0, -0.0, -0.0, -0.0, -1.0, -0.0, 0.0, 0.0, 1.0],
                    "selected": true,
                    "locked": false,
                    "visibility": true,
                    "positionStatus": "defined"
                },
                {
                    "id": "vtkMRMLMarkupsFiducialNode_7",
                    "label": "F_7",
                    "description": "",
                    "associatedNodeID": "vtkMRMLVectorVolumeNode12\r",
                    "position": [-106.171, -213.868, -157.528],
                    "orientation": [-1.0, -0.0, -0.0, -0.0, -1.0, -0.0, 0.0, 0.0, 1.0],
                    "selected": true,
                    "locked": false,
                    "visibility": true,
                    "positionStatus": "defined"
                },
                {
                    "id": "vtkMRMLMarkupsFiducialNode_8",
                    "label": "F_8",
                    "description": "",
                    "associatedNodeID": "vtkMRMLVectorVolumeNode12\r",
                    "position": [-117.805, -245.279, -151.203],
                    "orientation": [-1.0, -0.0, -0.0, -0.0, -1.0, -0.0, 0.0, 0.0, 1.0],
                    "selected": true,
                    "locked": false,
                    "visibility": true,
                    "positionStatus": "defined"
                },
                {
                    "id": "vtkMRMLMarkupsFiducialNode_9",
                    "label": "F_9",
                    "description": "",
                    "associatedNodeID": "vtkMRMLVectorVolumeNode12\r",
                    "position": [-93.27, -246.53, -152.871],
                    "orientation": [-1.0, -0.0, -0.0, -0.0, -1.0, -0.0, 0.0, 0.0, 1.0],
                    "selected": true,
                    "locked": false,
                    "visibility": true,
                    "positionStatus": "defined"
                },
                {
                    "id": "vtkMRMLMarkupsFiducialNode_10",
                    "label": "F_10",
                    "description": "",
                    "associatedNodeID": "vtkMRMLVectorVolumeNode12\r",
                    "position": [-127.21, -228.186, -154.899],
                    "orientation": [-1.0, -0.0, -0.0, -0.0, -1.0, -0.0, 0.0, 0.0, 1.0],
                    "selected": true,
                    "locked": false,
                    "visibility": true,
                    "positionStatus": "defined"
                },
                {
                    "id": "vtkMRMLMarkupsFiducialNode_11",
                    "label": "F_11",
                    "description": "",
                    "associatedNodeID": "vtkMRMLVectorVolumeNode12\r",
                    "position": [-82.984, -229.081, -154.97],
                    "orientation": [-1.0, -0.0, -0.0, -0.0, -1.0, -0.0, 0.0, 0.0, 1.0],
                    "selected": true,
                    "locked": false,
                    "visibility": true,
                    "positionStatus": "defined"
                },
                {
                    "id": "vtkMRMLMarkupsFiducialNode_12",
                    "label": "F_12",
                    "description": "",
                    "associatedNodeID": "vtkMRMLVectorVolumeNode12\r",
                    "position": [-126.291, -244.206, -144.243],
                    "orientation": [-1.0, -0.0, -0.0, -0.0, -1.0, -0.0, 0.0, 0.0, 1.0],
                    "selected": true,
                    "locked": false,
                    "visibility": true,
                    "positionStatus": "defined"
                },
                {
                    "id": "vtkMRMLMarkupsFiducialNode_13",
                    "label": "F_13",
                    "description": "",
                    "associatedNodeID": "vtkMRMLVectorVolumeNode12\r",
                    "position": [-85.491, -244.51, -143.588],
                    "orientation": [-1.0, -0.0, -0.0, -0.0, -1.0, -0.0, 0.0, 0.0, 1.0],
                    "selected": true,
                    "locked": false,
                    "visibility": true,
                    "positionStatus": "defined"
                },
                {
                    "id": "vtkMRMLMarkupsFiducialNode_14",
                    "label": "F_14",
                    "description": "",
                    "associatedNodeID": "vtkMRMLVectorVolumeNode12\r",
                    "position": [-137.475, -242.047, -150.194],
                    "orientation": [-1.0, -0.0, -0.0, -0.0, -1.0, -0.0, 0.0, 0.0, 1.0],
                    "selected": true,
                    "locked": false,
                    "visibility": true,
                    "positionStatus": "defined"
                },
                {
                    "id": "vtkMRMLMarkupsFiducialNode_15",
                    "label": "F_15",
                    "description": "",
                    "associatedNodeID": "vtkMRMLVectorVolumeNode12\r",
                    "position": [-75.244, -243.567, -150.22],
                    "orientation": [-1.0, -0.0, -0.0, -0.0, -1.0, -0.0, 0.0, 0.0, 1.0],
                    "selected": true,
                    "locked": false,
                    "visibility": true,
                    "positionStatus": "defined"
                },
                {
                    "id": "vtkMRMLMarkupsFiducialNode_16",
                    "label": "F_16",
                    "description": "",
                    "associatedNodeID": "vtkMRMLVectorVolumeNode12\r",
                    "position": [-148.852, -242.468, -145.572],
                    "orientation": [-1.0, -0.0, -0.0, -0.0, -1.0, -0.0, 0.0, 0.0, 1.0],
                    "selected": true,
                    "locked": false,
                    "visibility": true,
                    "positionStatus": "defined"
                },
                {
                    "id": "vtkMRMLMarkupsFiducialNode_17",
                    "label": "F_17",
                    "description": "",
                    "associatedNodeID": "vtkMRMLVectorVolumeNode12\r",
                    "position": [-62.68, -243.415, -145.172],
                    "orientation": [-1.0, -0.0, -0.0, -0.0, -1.0, -0.0, 0.0, 0.0, 1.0],
                    "selected": true,
                    "locked": false,
                    "visibility": true,
                    "positionStatus": "defined"
                },
                {
                    "id": "vtkMRMLMarkupsFiducialNode_18",
                    "label": "F_18",
                    "description": "",
                    "associatedNodeID": "vtkMRMLVectorVolumeNode12\r",
                    "position": [-108.924, -307.074, -57.094],
                    "orientation": [-1.0, -0.0, -0.0, -0.0, -1.0, -0.0, 0.0, 0.0, 1.0],
                    "selected": true,
                    "locked": false,
                    "visibility": true,
                    "positionStatus": "defined"
                },
                {
                    "id": "vtkMRMLMarkupsFiducialNode_19",
                    "label": "F_19",
                    "description": "",
                    "associatedNodeID": "vtkMRMLVectorVolumeNode12\r",
                    "position": [-110.968, -351.969, -85.577],
                    "orientation": [-1.0, -0.0, -0.0, -0.0, -1.0, -0.0, 0.0, 0.0, 1.0],
                    "selected": true,
                    "locked": false,
                    "visibility": true,
                    "positionStatus": "defined"
                },
                {
                    "id": "vtkMRMLMarkupsFiducialNode_20",
                    "label": "F_20",
                    "description": "",
                    "associatedNodeID": "vtkMRMLVectorVolumeNode12\r",
                    "position": [-113.228, -370.464, -108.272],
                    "orientation": [-1.0, -0.0, -0.0, -0.0, -1.0, -0.0, 0.0, 0.0, 1.0],
                    "selected": true,
                    "locked": false,
                    "visibility": true,
                    "positionStatus": "defined"
                },
                {
                    "id": "vtkMRMLMarkupsFiducialNode_21",
                    "label": "F_21",
                    "description": "",
                    "associatedNodeID": "vtkMRMLVectorVolumeNode12\r",
                    "position": [-113.561, -404.526, -111.651],
                    "orientation": [-1.0, -0.0, -0.0, -0.0, -1.0, -0.0, 0.0, 0.0, 1.0],
                    "selected": true,
                    "locked": false,
                    "visibility": true,
                    "positionStatus": "defined"
                },
                {
                    "id": "vtkMRMLMarkupsFiducialNode_22",
                    "label": "F_22",
                    "description": "",
                    "associatedNodeID": "vtkMRMLVectorVolumeNode12\r",
                    "position": [-139.282, -298.043, -52.481],
                    "orientation": [-1.0, -0.0, -0.0, -0.0, -1.0, -0.0, 0.0, 0.0, 1.0],
                    "selected": true,
                    "locked": false,
                    "visibility": true,
                    "positionStatus": "defined"
                },
                {
                    "id": "vtkMRMLMarkupsFiducialNode_23",
                    "label": "F_23",
                    "description": "",
                    "associatedNodeID": "vtkMRMLVectorVolumeNode12\r",
                    "position": [-77.646, -299.154, -52.743],
                    "orientation": [-1.0, -0.0, -0.0, -0.0, -1.0, -0.0, 0.0, 0.0, 1.0],
                    "selected": true,
                    "locked": false,
                    "visibility": true,
                    "positionStatus": "defined"
                },
                {
                    "id": "vtkMRMLMarkupsFiducialNode_24",
                    "label": "F_24",
                    "description": "",
                    "associatedNodeID": "vtkMRMLVectorVolumeNode12\r",
                    "position": [-161.655, -303.383, -67.049],
                    "orientation": [-1.0, -0.0, -0.0, -0.0, -1.0, -0.0, 0.0, 0.0, 1.0],
                    "selected": true,
                    "locked": false,
                    "visibility": true,
                    "positionStatus": "defined"
                },
                {
                    "id": "vtkMRMLMarkupsFiducialNode_25",
                    "label": "F_25",
                    "description": "",
                    "associatedNodeID": "vtkMRMLVectorVolumeNode12\r",
                    "position": [-56.68, -306.725, -66.016],
                    "orientation": [-1.0, -0.0, -0.0, -0.0, -1.0, -0.0, 0.0, 0.0, 1.0],
                    "selected": true,
                    "locked": false,
                    "visibility": true,
                    "positionStatus": "defined"
                },
                {
                    "id": "vtkMRMLMarkupsFiducialNode_26",
                    "label": "F_26",
                    "description": "",
                    "associatedNodeID": "vtkMRMLVectorVolumeNode12\r",
                    "position": [-117.444, -306.606, -71.476],
                    "orientation": [-1.0, -0.0, -0.0, -0.0, -1.0, -0.0, 0.0, 0.0, 1.0],
                    "selected": true,
                    "locked": false,
                    "visibility": true,
                    "positionStatus": "defined"
                },
                {
                    "id": "vtkMRMLMarkupsFiducialNode_27",
                    "label": "F_27",
                    "description": "",
                    "associatedNodeID": "vtkMRMLVectorVolumeNode12\r",
                    "position": [-100.048, -307.106, -72.063],
                    "orientation": [-1.0, -0.0, -0.0, -0.0, -1.0, -0.0, 0.0, 0.0, 1.0],
                    "selected": true,
                    "locked": false,
                    "visibility": true,
                    "positionStatus": "defined"
                },
                {
                    "id": "vtkMRMLMarkupsFiducialNode_28",
                    "label": "F_28",
                    "description": "",
                    "associatedNodeID": "vtkMRMLVectorVolumeNode12\r",
                    "position": [-136.155, -325.851, -84.249],
                    "orientation": [-1.0, -0.0, -0.0, -0.0, -1.0, -0.0, 0.0, 0.0, 1.0],
                    "selected": true,
                    "locked": false,
                    "visibility": true,
                    "positionStatus": "defined"
                },
                {
                    "id": "vtkMRMLMarkupsFiducialNode_29",
                    "label": "F_29",
                    "description": "",
                    "associatedNodeID": "vtkMRMLVectorVolumeNode12\r",
                    "position": [-85.253, -328.252, -83.773],
                    "orientation": [-1.0, -0.0, -0.0, -0.0, -1.0, -0.0, 0.0, 0.0, 1.0],
                    "selected": true,
                    "locked": false,
                    "visibility": true,
                    "positionStatus": "defined"
                },
                {
                    "id": "vtkMRMLMarkupsFiducialNode_30",
                    "label": "F_30",
                    "description": "",
                    "associatedNodeID": "vtkMRMLVectorVolumeNode12\r",
                    "position": [-175.413, -320.071, -100.453],
                    "orientation": [-1.0, -0.0, -0.0, -0.0, -1.0, -0.0, 0.0, 0.0, 1.0],
                    "selected": true,
                    "locked": false,
                    "visibility": true,
                    "positionStatus": "defined"
                },
                {
                    "id": "vtkMRMLMarkupsFiducialNode_31",
                    "label": "F_31",
                    "description": "",
                    "associatedNodeID": "vtkMRMLVectorVolumeNode12\r",
                    "position": [-41.94, -323.089, -99.812],
                    "orientation": [-1.0, -0.0, -0.0, -0.0, -1.0, -0.0, 0.0, 0.0, 1.0],
                    "selected": true,
                    "locked": false,
                    "visibility": true,
                    "positionStatus": "defined"
                },
                {
                    "id": "vtkMRMLMarkupsFiducialNode_32",
                    "label": "F_32",
                    "description": "",
                    "associatedNodeID": "vtkMRMLVectorVolumeNode12\r",
                    "position": [-167.79, -337.603, -119.493],
                    "orientation": [-1.0, -0.0, -0.0, -0.0, -1.0, -0.0, 0.0, 0.0, 1.0],
                    "selected": true,
                    "locked": false,
                    "visibility": true,
                    "positionStatus": "defined"
                },
                {
                    "id": "vtkMRMLMarkupsFiducialNode_33",
                    "label": "F_33",
                    "description": "",
                    "associatedNodeID": "vtkMRMLVectorVolumeNode12\r",
                    "position": [-54.827, -341.068, -116.231],
                    "orientation": [-1.0, -0.0, -0.0, -0.0, -1.0, -0.0, 0.0, 0.0, 1.0],
                    "selected": true,
                    "locked": false,
                    "visibility": true,
                    "positionStatus": "defined"
                },
                {
                    "id": "vtkMRMLMarkupsFiducialNode_34",
                    "label": "F_34",
                    "description": "",
                    "associatedNodeID": "vtkMRMLVectorVolumeNode12\r",
                    "position": [-141.298, -344.685, -101.231],
                    "orientation": [-1.0, -0.0, -0.0, -0.0, -1.0, -0.0, 0.0, 0.0, 1.0],
                    "selected": true,
                    "locked": false,
                    "visibility": true,
                    "positionStatus": "defined"
                },
                {
                    "id": "vtkMRMLMarkupsFiducialNode_35",
                    "label": "F_35",
                    "description": "",
                    "associatedNodeID": "vtkMRMLVectorVolumeNode12\r",
                    "position": [-81.536, -348.654, -97.722],
                    "orientation": [-1.0, -0.0, -0.0, -0.0, -1.0, -0.0, 0.0, 0.0, 1.0],
                    "selected": true,
                    "locked": false,
                    "visibility": true,
                    "positionStatus": "defined"
                },
                {
                    "id": "vtkMRMLMarkupsFiducialNode_36",
                    "label": "F_36",
                    "description": "",
                    "associatedNodeID": "vtkMRMLVectorVolumeNode12\r",
                    "position": [-128.896, -368.055, -96.92],
                    "orientation": [-1.0, -0.0, -0.0, -0.0, -1.0, -0.0, 0.0, 0.0, 1.0],
                    "selected": true,
                    "locked": false,
                    "visibility": true,
                    "positionStatus": "defined"
                },
                {
                    "id": "vtkMRMLMarkupsFiducialNode_37",
                    "label": "F_37",
                    "description": "",
                    "associatedNodeID": "vtkMRMLVectorVolumeNode12\r",
                    "position": [-95.831, -366.892, -96.883],
                    "orientation": [-1.0, -0.0, -0.0, -0.0, -1.0, -0.0, 0.0, 0.0, 1.0],
                    "selected": true,
                    "locked": false,
                    "visibility": true,
                    "positionStatus": "defined"
                },
                {
                    "id": "vtkMRMLMarkupsFiducialNode_38",
                    "label": "F_38",
                    "description": "",
                    "associatedNodeID": "vtkMRMLVectorVolumeNode12\r",
                    "position": [-130.156, -399.358, -110.57],
                    "orientation": [-1.0, -0.0, -0.0, -0.0, -1.0, -0.0, 0.0, 0.0, 1.0],
                    "selected": true,
                    "locked": false,
                    "visibility": true,
                    "positionStatus": "defined"
                },
                {
                    "id": "vtkMRMLMarkupsFiducialNode_39",
                    "label": "F_39",
                    "description": "",
                    "associatedNodeID": "vtkMRMLVectorVolumeNode12\r",
                    "position": [-95.995, -399.473, -110.231],
                    "orientation": [-1.0, -0.0, -0.0, -0.0, -1.0, -0.0, 0.0, 0.0, 1.0],
                    "selected": true,
                    "locked": false,
                    "visibility": true,
                    "positionStatus": "defined"
                },
                {
                    "id": "vtkMRMLMarkupsFiducialNode_40",
                    "label": "F_40",
                    "description": "",
                    "associatedNodeID": "vtkMRMLVectorVolumeNode12\r",
                    "position": [-145.143, -381.848, -128.178],
                    "orientation": [-1.0, -0.0, -0.0, -0.0, -1.0, -0.0, 0.0, 0.0, 1.0],
                    "selected": true,
                    "locked": false,
                    "visibility": true,
                    "positionStatus": "defined"
                },
                {
                    "id": "vtkMRMLMarkupsFiducialNode_41",
                    "label": "F_41",
                    "description": "",
                    "associatedNodeID": "vtkMRMLVectorVolumeNode12\r",
                    "position": [-77.926, -381.805, -128.391],
                    "orientation": [-1.0, -0.0, -0.0, -0.0, -1.0, -0.0, 0.0, 0.0, 1.0],
                    "selected": true,
                    "locked": false,
                    "visibility": true,
                    "positionStatus": "defined"
                }
            ],
            "measurements": [],
            "display": {
                "visibility": true,
                "opacity": 1.0,
                "color": [0.4, 1.0, 1.0],
                "selectedColor": [1.0, 0.5000076295109483, 0.5000076295109483],
                "activeColor": [0.4, 1.0, 0.0],
                "propertiesLabelVisibility": false,
                "pointLabelsVisibility": true,
                "textScale": 3.0,
                "glyphType": "Sphere3D",
                "glyphScale": 3.0,
                "glyphSize": 5.0,
                "useGlyphScale": true,
                "sliceProjection": false,
                "sliceProjectionUseFiducialColor": true,
                "sliceProjectionOutlinedBehindSlicePlane": false,
                "sliceProjectionColor": [1.0, 1.0, 1.0],
                "sliceProjectionOpacity": 0.6,
                "lineThickness": 0.2,
                "lineColorFadingStart": 1.0,
                "lineColorFadingEnd": 10.0,
                "lineColorFadingSaturation": 1.0,
                "lineColorFadingHueOffset": 0.0,
                "handlesInteractive": false,
                "translationHandleVisibility": true,
                "rotationHandleVisibility": true,
                "scaleHandleVisibility": true,
                "interactionHandleScale": 3.0,
                "snapMode": "toVisibleSurface"
            }
        }
    ]
}