{
    "@schema": "https://raw.githubusercontent.com/slicer/slicer/master/Modules/Loadable/Markups/Resources/Schema/markups-schema-v1.0.3.json#",
    "markups": [
        {
            "type": "Fiducial",
            "coordinateSystem": "LPS",
            "coordinateUnits": "mm",
            "locked": false,
            "fixedNumberOfControlPoints": false,
            "labelFormat": "%N-%d",
            "lastUsedControlPointNumber": 41,
            "controlPoints": [
                {
                    "id": "vtkMRMLMarkupsFiducialNode_1",
                    "label": "F_1",
                    "description": "",
                    "associatedNodeID": "vtkMRMLVectorVolumeNode12\r",
                    "position": [-110.201, -325.748, -143.081],
                    "orientation": [-1.0, -0.0, -0.0, -0.0, -1.0, -0.0, 0.0, 0.0, 1.0],
                    "selected": true,
                    "locked": false,
                    "visibility": true,
                    "positionStatus": "defined"
                },
                {
                    "id": "vtkMRMLMarkupsFiducialNode_2",
                    "label": "F_2",
                    "description": "",
                    "associatedNodeID": "vtkMRMLVectorVolumeNode12\r",
                    "position": [-113.281, -403.733, -121.368],
                    "orientation": [-1.0, -0.0, -0.0, -0.0, -1.0, -0.0, 0.0, 0.0, 1.0],
                    "selected": true,
                    "locked": false,
                    "visibility": true,
                    "positionStatus": "defined"
                },
                {
                    "id": "vtkMRMLMarkupsFiducialNode_3",
                    "label": "F_3",
                    "description": "",
                    "associatedNodeID": "vtkMRMLVectorVolumeNode12\r",
                    "position": [-108.838, -302.649, -91.656],
                    "orientation": [-1.0, -0.0, -0.0, -0.0, -1.0, -0.0, 0.0, 0.0, 1.0],
                    "selected": true,
                    "locked": false,
                    "visibility": true,
                    "positionStatus": "defined"
                },
                {
                    "id": "vtkMRMLMarkupsFiducialNode_4",
                    "label": "F_4",
                    "description": "",
                    "associatedNodeID": "vtkMRMLVectorVolumeNode12\r",
                    "position": [-107.979, -274.887, -113.647],
                    "orientation": [-1.0, -0.0, -0.0, -0.0, -1.0, -0.0, 0.0, 0.0, 1.0],
                    "selected": true,
                    "locked": false,
                    "visibility": true,
                    "positionStatus": "defined"
                },
                {
                    "id": "vtkMRMLMarkupsFiducialNode_5",
                    "label": "F_5",
                    "description": "",
                    "associatedNodeID": "vtkMRMLVectorVolumeNode12\r",
                    "position": [-108.581, -269.922, -120.022],
                    "orientation": [-1.0, -0.0, -0.0, -0.0, -1.0, -0.0, 0.0, 0.0, 1.0],
                    "selected": true,
                    "locked": false,
                    "visibility": true,
                    "positionStatus": "defined"
                },
                {
                    "id": "vtkMRMLMarkupsFiducialNode_6",
                    "label": "F_6",
                    "description": "",
                    "associatedNodeID": "vtkMRMLVectorVolumeNode12\r",
                    "position": [-107.442, -249.786, -165.688],
                    "orientation": [-1.0, -0.0, -0.0, -0.0, -1.0, -0.0, 0.0, 0.0, 1.0],
                    "selected": true,
                    "locked": false,
                    "visibility": true,
                    "positionStatus": "defined"
                },
                {
                    "id": "vtkMRMLMarkupsFiducialNode_7",
                    "label": "F_7",
                    "description": "",
                    "associatedNodeID": "vtkMRMLVectorVolumeNode12\r",
                    "position": [-106.021, -208.938, -165.71],
                    "orientation": [-1.0, -0.0, -0.0, -0.0, -1.0, -0.0, 0.0, 0.0, 1.0],
                    "selected": true,
                    "locked": false,
                    "visibility": true,
                    "positionStatus": "defined"
                },
                {
                    "id": "vtkMRMLMarkupsFiducialNode_8",
                    "label": "F_8",
                    "description": "",
                    "associatedNodeID": "vtkMRMLVectorVolumeNode12\r",
                    "position": [-119.937, -250.426, -170.829],
                    "orientation": [-1.0, -0.0, -0.0, -0.0, -1.0, -0.0, 0.0, 0.0, 1.0],
                    "selected": true,
                    "locked": false,
                    "visibility": true,
                    "positionStatus": "defined"
                },
                {
                    "id": "vtkMRMLMarkupsFiducialNode_9",
                    "label": "F_9",
                    "description": "",
                    "associatedNodeID": "vtkMRMLVectorVolumeNode12\r",
                    "position": [-94.662, -250.538, -170.94],
                    "orientation": [-1.0, -0.0, -0.0, -0.0, -1.0, -0.0, 0.0, 0.0, 1.0],
                    "selected": true,
                    "locked": false,
                    "visibility": true,
                    "positionStatus": "defined"
                },
                {
                    "id": "vtkMRMLMarkupsFiducialNode_10",
                    "label": "F_10",
                    "description": "",
                    "associatedNodeID": "vtkMRMLVectorVolumeNode12\r",
                    "position": [-127.612, -230.392, -169.722],
                    "orientation": [-1.0, -0.0, -0.0, -0.0, -1.0, -0.0, 0.0, 0.0, 1.0],
                    "selected": true,
                    "locked": false,
                    "visibility": true,
                    "positionStatus": "defined"
                },
                {
                    "id": "vtkMRMLMarkupsFiducialNode_11",
                    "label": "F_11",
                    "description": "",
                    "associatedNodeID": "vtkMRMLVectorVolumeNode12\r",
                    "position": [-85.549, -232.125, -171.048],
                    "orientation": [-1.0, -0.0, -0.0, -0.0, -1.0, -0.0, 0.0, 0.0, 1.0],
                    "selected": true,
                    "locked": false,
                    "visibility": true,
                    "positionStatus": "defined"
                },
                {
                    "id": "vtkMRMLMarkupsFiducialNode_12",
                    "label": "F_12",
                    "description": "",
                    "associatedNodeID": "vtkMRMLVectorVolumeNode12\r",
                    "position": [-127.698, -249.368, -156.317],
                    "orientation": [-1.0, -0.0, -0.0, -0.0, -1.0, -0.0, 0.0, 0.0, 1.0],
                    "selected": true,
                    "locked": false,
                    "visibility": true,
                    "positionStatus": "defined"
                },
                {
                    "id": "vtkMRMLMarkupsFiducialNode_13",
                    "label": "F_13",
                    "description": "",
                    "associatedNodeID": "vtkMRMLVectorVolumeNode12\r",
                    "position": [-86.853, -250.577, -155.411],
                    "orientation": [-1.0, -0.0, -0.0, -0.0, -1.0, -0.0, 0.0, 0.0, 1.0],
                    "selected": true,
                    "locked": false,
                    "visibility": true,
                    "positionStatus": "defined"
                },
                {
                    "id": "vtkMRMLMarkupsFiducialNode_14",
                    "label": "F_14",
                    "description": "",
                    "associatedNodeID": "vtkMRMLVectorVolumeNode12\r",
                    "position": [-136.959, -242.838, -160.97],
                    "orientation": [-1.0, -0.0, -0.0, -0.0, -1.0, -0.0, 0.0, 0.0, 1.0],
                    "selected": true,
                    "locked": false,
                    "visibility": true,
                    "positionStatus": "defined"
                },
                {
                    "id": "vtkMRMLMarkupsFiducialNode_15",
                    "label": "F_15",
                    "description": "",
                    "associatedNodeID": "vtkMRMLVectorVolumeNode12\r",
                    "position": [-76.347, -245.233, -160.69],
                    "orientation": [-1.0, -0.0, -0.0, -0.0, -1.0, -0.0, 0.0, 0.0, 1.0],
                    "selected": true,
                    "locked": false,
                    "visibility": true,
                    "positionStatus": "defined"
                },
                {
                    "id": "vtkMRMLMarkupsFiducialNode_16",
                    "label": "F_16",
                    "description": "",
                    "associatedNodeID": "vtkMRMLVectorVolumeNode12\r",
                    "position": [-151.121, -246.025, -155.969],
                    "orientation": [-1.0, -0.0, -0.0, -0.0, -1.0, -0.0, 0.0, 0.0, 1.0],
                    "selected": true,
                    "locked": false,
                    "visibility": true,
                    "positionStatus": "defined"
                },
                {
                    "id": "vtkMRMLMarkupsFiducialNode_17",
                    "label": "F_17",
                    "description": "",
                    "associatedNodeID": "vtkMRMLVectorVolumeNode12\r",
                    "position": [-63.031, -249.246, -154.305],
                    "orientation": [-1.0, -0.0, -0.0, -0.0, -1.0, -0.0, 0.0, 0.0, 1.0],
                    "selected": true,
                    "locked": false,
                    "visibility": true,
                    "positionStatus": "defined"
                },
                {
                    "id": "vtkMRMLMarkupsFiducialNode_18",
                    "label": "F_18",
                    "description": "",
                    "associatedNodeID": "vtkMRMLVectorVolumeNode12\r",
                    "position": [-110.344, -317.327, -50.445],
                    "orientation": [-1.0, -0.0, -0.0, -0.0, -1.0, -0.0, 0.0, 0.0, 1.0],
                    "selected": true,
                    "locked": false,
                    "visibility": true,
                    "positionStatus": "defined"
                },
                {
                    "id": "vtkMRMLMarkupsFiducialNode_19",
                    "label": "F_19",
                    "description": "",
                    "associatedNodeID": "vtkMRMLVectorVolumeNode12\r",
                    "position": [-110.965, -362.036, -84.851],
                    "orientation": [-1.0, -0.0, -0.0, -0.0, -1.0, -0.0, 0.0, 0.0, 1.0],
                    "selected": true,
                    "locked": false,
                    "visibility": true,
                    "positionStatus": "defined"
                },
                {
                    "id": "vtkMRMLMarkupsFiducialNode_20",
                    "label": "F_20",
                    "description": "",
                    "associatedNodeID": "vtkMRMLVectorVolumeNode12\r",
                    "position": [-112.341, -387.41, -106.05],
                    "orientation": [-1.0, -0.0, -0.0, -0.0, -1.0, -0.0, 0.0, 0.0, 1.0],
                    "selected": true,
                    "locked": false,
                    "visibility": true,
                    "positionStatus": "defined"
                },
                {
                    "id": "vtkMRMLMarkupsFiducialNode_21",
                    "label": "F_21",
                    "description": "",
                    "associatedNodeID": "vtkMRMLVectorVolumeNode12\r",
                    "position": [-112.394, -424.097, -106.637],
                    "orientation": [-1.0, -0.0, -0.0, -0.0, -1.0, -0.0, 0.0, 0.0, 1.0],
                    "selected": true,
                    "locked": false,
                    "visibility": true,
                    "positionStatus": "defined"
                },
                {
                    "id": "vtkMRMLMarkupsFiducialNode_22",
                    "label": "F_22",
                    "description": "",
                    "associatedNodeID": "vtkMRMLVectorVolumeNode12\r",
                    "position": [-143.576, -301.286, -45.138],
                    "orientation": [-1.0, -0.0, -0.0, -0.0, -1.0, -0.0, 0.0, 0.0, 1.0],
                    "selected": true,
                    "locked": false,
                    "visibility": true,
                    "positionStatus": "defined"
                },
                {
                    "id": "vtkMRMLMarkupsFiducialNode_23",
                    "label": "F_23",
                    "description": "",
                    "associatedNodeID": "vtkMRMLVectorVolumeNode12\r",
                    "position": [-75.144, -302.668, -46.463],
                    "orientation": [-1.0, -0.0, -0.0, -0.0, -1.0, -0.0, 0.0, 0.0, 1.0],
                    "selected": true,
                    "locked": false,
                    "visibility": true,
                    "positionStatus": "defined"
                },
                {
                    "id": "vtkMRMLMarkupsFiducialNode_24",
                    "label": "F_24",
                    "description": "",
                    "associatedNodeID": "vtkMRMLVectorVolumeNode12\r",
                    "position": [-165.855, -304.477, -67.174],
                    "orientation": [-1.0, -0.0, -0.0, -0.0, -1.0, -0.0, 0.0, 0.0, 1.0],
                    "selected": true,
                    "locked": false,
                    "visibility": true,
                    "positionStatus": "defined"
                },
                {
                    "id": "vtkMRMLMarkupsFiducialNode_25",
                    "label": "F_25",
                    "description": "",
                    "associatedNodeID": "vtkMRMLVectorVolumeNode12\r",
                    "position": [-53.342, -307.675, -65.632],
                    "orientation": [-1.0, -0.0, -0.0, -0.0, -1.0, -0.0, 0.0, 0.0, 1.0],
                    "selected": true,
                    "locked": false,
                    "visibility": true,
                    "positionStatus": "defined"
                },
                {
                    "id": "vtkMRMLMarkupsFiducialNode_26",
                    "label": "F_26",
                    "description": "",
                    "associatedNodeID": "vtkMRMLVectorVolumeNode12\r",
                    "position": [-123.569, -317.375, -66.114],
                    "orientation": [-1.0, -0.0, -0.0, -0.0, -1.0, -0.0, 0.0, 0.0, 1.0],
                    "selected": true,
                    "locked": false,
                    "visibility": true,
                    "positionStatus": "defined"
                },
                {
                    "id": "vtkMRMLMarkupsFiducialNode_27",
                    "label": "F_27",
                    "description": "",
                    "associatedNodeID": "vtkMRMLVectorVolumeNode12\r",
                    "position": [-97.043, -317.875, -66.893],
                    "orientation": [-1.0, -0.0, -0.0, -0.0, -1.0, -0.0, 0.0, 0.0, 1.0],
                    "selected": true,
                    "locked": false,
                    "visibility": true,
                    "positionStatus": "defined"
                },
                {
                    "id": "vtkMRMLMarkupsFiducialNode_28",
                    "label": "F_28",
                    "description": "",
                    "associatedNodeID": "vtkMRMLVectorVolumeNode12\r",
                    "position": [-144.326, -334.171, -81.813],
                    "orientation": [-1.0, -0.0, -0.0, -0.0, -1.0, -0.0, 0.0, 0.0, 1.0],
                    "selected": true,
                    "locked": false,
                    "visibility": true,
                    "positionStatus": "defined"
                },
                {
                    "id": "vtkMRMLMarkupsFiducialNode_29",
                    "label": "F_29",
                    "description": "",
                    "associatedNodeID": "vtkMRMLVectorVolumeNode12\r",
                    "position": [-79.573, -335.478, -82.563],
                    "orientation": [-1.0, -0.0, -0.0, -0.0, -1.0, -0.0, 0.0, 0.0, 1.0],
                    "selected": true,
                    "locked": false,
                    "visibility": true,
                    "positionStatus": "defined"
                },
                {
                    "id": "vtkMRMLMarkupsFiducialNode_30",
                    "label": "F_30",
                    "description": "",
                    "associatedNodeID": "vtkMRMLVectorVolumeNode12\r",
                    "position": [-185.994, -317.513, -99.584],
                    "orientation": [-1.0, -0.0, -0.0, -0.0, -1.0, -0.0, 0.0, 0.0, 1.0],
                    "selected": true,
                    "locked": false,
                    "visibility": true,
                    "positionStatus": "defined"
                },
                {
                    "id": "vtkMRMLMarkupsFiducialNode_31",
                    "label": "F_31",
                    "description": "",
                    "associatedNodeID": "vtkMRMLVectorVolumeNode12\r",
                    "position": [-36.015, -323.38, -97.057],
                    "orientation": [-1.0, -0.0, -0.0, -0.0, -1.0, -0.0, 0.0, 0.0, 1.0],
                    "selected": true,
                    "locked": false,
                    "visibility": true,
                    "positionStatus": "defined"
                },
                {
                    "id": "vtkMRMLMarkupsFiducialNode_32",
                    "label": "F_32",
                    "description": "",
                    "associatedNodeID": "vtkMRMLVectorVolumeNode12\r",
                    "position": [-178.636, -348.591, -118.244],
                    "orientation": [-1.0, -0.0, -0.0, -0.0, -1.0, -0.0, 0.0, 0.0, 1.0],
                    "selected": true,
                    "locked": false,
                    "visibility": true,
                    "positionStatus": "defined"
                },
                {
                    "id": "vtkMRMLMarkupsFiducialNode_33",
                    "label": "F_33",
                    "description": "",
                    "associatedNodeID": "vtkMRMLVectorVolumeNode12\r",
                    "position": [-43.293, -353.57, -117.666],
                    "orientation": [-1.0, -0.0, -0.0, -0.0, -1.0, -0.0, 0.0, 0.0, 1.0],
                    "selected": true,
                    "locked": false,
                    "visibility": true,
                    "positionStatus": "defined"
                },
                {
                    "id": "vtkMRMLMarkupsFiducialNode_34",
                    "label": "F_34",
                    "description": "",
                    "associatedNodeID": "vtkMRMLVectorVolumeNode12\r",
                    "position": [-143.094, -359.307, -98.699],
                    "orientation": [-1.0, -0.0, -0.0, -0.0, -1.0, -0.0, 0.0, 0.0, 1.0],
                    "selected": true,
                    "locked": false,
                    "visibility": true,
                    "positionStatus": "defined"
                },
                {
                    "id": "vtkMRMLMarkupsFiducialNode_35",
                    "label": "F_35",
                    "description": "",
                    "associatedNodeID": "vtkMRMLVectorVolumeNode12\r",
                    "position": [-83.396, -355.779, -93.578],
                    "orientation": [-1.0, -0.0, -0.0, -0.0, -1.0, -0.0, 0.0, 0.0, 1.0],
                    "selected": true,
                    "locked": false,
                    "visibility": true,
                    "positionStatus": "defined"
                },
                {
                    "id": "vtkMRMLMarkupsFiducialNode_36",
                    "label": "F_36",
                    "description": "",
                    "associatedNodeID": "vtkMRMLVectorVolumeNode12\r",
                    "position": [-129.457, -384.599, -93.59],
                    "orientation": [-1.0, -0.0, -0.0, -0.0, -1.0, -0.0, 0.0, 0.0, 1.0],
                    "selected": true,
                    "locked": false,
                    "visibility": true,
                    "positionStatus": "defined"
                },
                {
                    "id": "vtkMRMLMarkupsFiducialNode_37",
                    "label": "F_37",
                    "description": "",
                    "associatedNodeID": "vtkMRMLVectorVolumeNode12\r",
                    "position": [-93.558, -384.478, -94.232],
                    "orientation": [-1.0, -0.0, -0.0, -0.0, -1.0, -0.0, 0.0, 0.0, 1.0],
                    "selected": true,
                    "locked": false,
                    "visibility": true,
                    "positionStatus": "defined"
                },
                {
                    "id": "vtkMRMLMarkupsFiducialNode_38",
                    "label": "F_38",
                    "description": "",
                    "associatedNodeID": "vtkMRMLVectorVolumeNode12\r",
                    "position": [-133.929, -426.613, -108.823],
                    "orientation": [-1.0, -0.0, -0.0, -0.0, -1.0, -0.0, 0.0, 0.0, 1.0],
                    "selected": true,
                    "locked": false,
                    "visibility": true,
                    "positionStatus": "defined"
                },
                {
                    "id": "vtkMRMLMarkupsFiducialNode_39",
                    "label": "F_39",
                    "description": "",
                    "associatedNodeID": "vtkMRMLVectorVolumeNode12\r",
                    "position": [-94.025, -428.212, -107.775],
                    "orientation": [-1.0, -0.0, -0.0, -0.0, -1.0, -0.0, 0.0, 0.0, 1.0],
                    "selected": true,
                    "locked": false,
                    "visibility": true,
                    "positionStatus": "defined"
                },
                {
                    "id": "vtkMRMLMarkupsFiducialNode_40",
                    "label": "F_40",
                    "description": "",
                    "associatedNodeID": "vtkMRMLVectorVolumeNode12\r",
                    "position": [-151.908, -401.291, -129.97],
                    "orientation": [-1.0, -0.0, -0.0, -0.0, -1.0, -0.0, 0.0, 0.0, 1.0],
                    "selected": true,
                    "locked": false,
                    "visibility": true,
                    "positionStatus": "defined"
                },
                {
                    "id": "vtkMRMLMarkupsFiducialNode_41",
                    "label": "F_41",
                    "description": "",
                    "associatedNodeID": "vtkMRMLVectorVolumeNode12\r",
                    "position": [-75.035, -405.214, -130.825],
                    "orientation": [-1.0, -0.0, -0.0, -0.0, -1.0, -0.0, 0.0, 0.0, 1.0],
                    "selected": true,
                    "locked": false,
                    "visibility": true,
                    "positionStatus": "defined"
                }
            ],
            "measurements": [],
            "display": {
                "visibility": true,
                "opacity": 1.0,
                "color": [0.4, 1.0, 1.0],
                "selectedColor": [1.0, 0.5000076295109483, 0.5000076295109483],
                "activeColor": [0.4, 1.0, 0.0],
                "propertiesLabelVisibility": false,
                "pointLabelsVisibility": true,
                "textScale": 3.0,
                "glyphType": "Sphere3D",
                "glyphScale": 3.0,
                "glyphSize": 5.0,
                "useGlyphScale": true,
                "sliceProjection": false,
                "sliceProjectionUseFiducialColor": true,
                "sliceProjectionOutlinedBehindSlicePlane": false,
                "sliceProjectionColor": [1.0, 1.0, 1.0],
                "sliceProjectionOpacity": 0.6,
                "lineThickness": 0.2,
                "lineColorFadingStart": 1.0,
                "lineColorFadingEnd": 10.0,
                "lineColorFadingSaturation": 1.0,
                "lineColorFadingHueOffset": 0.0,
                "handlesInteractive": false,
                "translationHandleVisibility": true,
                "rotationHandleVisibility": true,
                "scaleHandleVisibility": true,
                "interactionHandleScale": 3.0,
                "snapMode": "toVisibleSurface"
            }
        }
    ]
}