{
    "@schema": "https://raw.githubusercontent.com/slicer/slicer/master/Modules/Loadable/Markups/Resources/Schema/markups-schema-v1.0.3.json#",
    "markups": [
        {
            "type": "Fiducial",
            "coordinateSystem": "LPS",
            "coordinateUnits": "mm",
            "locked": false,
            "fixedNumberOfControlPoints": false,
            "labelFormat": "%N-%d",
            "lastUsedControlPointNumber": 41,
            "controlPoints": [
                {
                    "id": "vtkMRMLMarkupsFiducialNode_1",
                    "label": "F_1",
                    "description": "",
                    "associatedNodeID": "vtkMRMLVectorVolumeNode12\r",
                    "position": [-107.791, -331.741, -132.205],
                    "orientation": [-1.0, -0.0, -0.0, -0.0, -1.0, -0.0, 0.0, 0.0, 1.0],
                    "selected": true,
                    "locked": false,
                    "visibility": true,
                    "positionStatus": "defined"
                },
                {
                    "id": "vtkMRMLMarkupsFiducialNode_2",
                    "label": "F_2",
                    "description": "",
                    "associatedNodeID": "vtkMRMLVectorVolumeNode12\r",
                    "position": [-108.207, -387.223, -113.573],
                    "orientation": [-1.0, -0.0, -0.0, -0.0, -1.0, -0.0, 0.0, 0.0, 1.0],
                    "selected": true,
                    "locked": false,
                    "visibility": true,
                    "positionStatus": "defined"
                },
                {
                    "id": "vtkMRMLMarkupsFiducialNode_3",
                    "label": "F_3",
                    "description": "",
                    "associatedNodeID": "vtkMRMLVectorVolumeNode12\r",
                    "position": [-107.345, -312.937, -83.08],
                    "orientation": [-1.0, -0.0, -0.0, -0.0, -1.0, -0.0, 0.0, 0.0, 1.0],
                    "selected": true,
                    "locked": false,
                    "visibility": true,
                    "positionStatus": "defined"
                },
                {
                    "id": "vtkMRMLMarkupsFiducialNode_4",
                    "label": "F_4",
                    "description": "",
                    "associatedNodeID": "vtkMRMLVectorVolumeNode12\r",
                    "position": [-107.415, -290.098, -104.191],
                    "orientation": [-1.0, -0.0, -0.0, -0.0, -1.0, -0.0, 0.0, 0.0, 1.0],
                    "selected": true,
                    "locked": false,
                    "visibility": true,
                    "positionStatus": "defined"
                },
                {
                    "id": "vtkMRMLMarkupsFiducialNode_5",
                    "label": "F_5",
                    "description": "",
                    "associatedNodeID": "vtkMRMLVectorVolumeNode12\r",
                    "position": [-107.624, -283.252, -113.346],
                    "orientation": [-1.0, -0.0, -0.0, -0.0, -1.0, -0.0, 0.0, 0.0, 1.0],
                    "selected": true,
                    "locked": false,
                    "visibility": true,
                    "positionStatus": "defined"
                },
                {
                    "id": "vtkMRMLMarkupsFiducialNode_6",
                    "label": "F_6",
                    "description": "",
                    "associatedNodeID": "vtkMRMLVectorVolumeNode12\r",
                    "position": [-109.648, -267.399, -148.398],
                    "orientation": [-1.0, -0.0, -0.0, -0.0, -1.0, -0.0, 0.0, 0.0, 1.0],
                    "selected": true,
                    "locked": false,
                    "visibility": true,
                    "positionStatus": "defined"
                },
                {
                    "id": "vtkMRMLMarkupsFiducialNode_7",
                    "label": "F_7",
                    "description": "",
                    "associatedNodeID": "vtkMRMLVectorVolumeNode12\r",
                    "position": [-108.168, -229.383, -147.005],
                    "orientation": [-1.0, -0.0, -0.0, -0.0, -1.0, -0.0, 0.0, 0.0, 1.0],
                    "selected": true,
                    "locked": false,
                    "visibility": true,
                    "positionStatus": "defined"
                },
                {
                    "id": "vtkMRMLMarkupsFiducialNode_8",
                    "label": "F_8",
                    "description": "",
                    "associatedNodeID": "vtkMRMLVectorVolumeNode12\r",
                    "position": [-121.579, -264.63, -150.338],
                    "orientation": [-1.0, -0.0, -0.0, -0.0, -1.0, -0.0, 0.0, 0.0, 1.0],
                    "selected": true,
                    "locked": false,
                    "visibility": true,
                    "positionStatus": "defined"
                },
                {
                    "id": "vtkMRMLMarkupsFiducialNode_9",
                    "label": "F_9",
                    "description": "",
                    "associatedNodeID": "vtkMRMLVectorVolumeNode12\r",
                    "position": [-100.629, -266.067, -152.193],
                    "orientation": [-1.0, -0.0, -0.0, -0.0, -1.0, -0.0, 0.0, 0.0, 1.0],
                    "selected": true,
                    "locked": false,
                    "visibility": true,
                    "positionStatus": "defined"
                },
                {
                    "id": "vtkMRMLMarkupsFiducialNode_10",
                    "label": "F_10",
                    "description": "",
                    "associatedNodeID": "vtkMRMLVectorVolumeNode12\r",
                    "position": [-129.653, -249.184, -150.668],
                    "orientation": [-1.0, -0.0, -0.0, -0.0, -1.0, -0.0, 0.0, 0.0, 1.0],
                    "selected": true,
                    "locked": false,
                    "visibility": true,
                    "positionStatus": "defined"
                },
                {
                    "id": "vtkMRMLMarkupsFiducialNode_11",
                    "label": "F_11",
                    "description": "",
                    "associatedNodeID": "vtkMRMLVectorVolumeNode12\r",
                    "position": [-89.594, -248.117, -151.573],
                    "orientation": [-1.0, -0.0, -0.0, -0.0, -1.0, -0.0, 0.0, 0.0, 1.0],
                    "selected": true,
                    "locked": false,
                    "visibility": true,
                    "positionStatus": "defined"
                },
                {
                    "id": "vtkMRMLMarkupsFiducialNode_12",
                    "label": "F_12",
                    "description": "",
                    "associatedNodeID": "vtkMRMLVectorVolumeNode12\r",
                    "position": [-126.159, -263.475, -140.597],
                    "orientation": [-1.0, -0.0, -0.0, -0.0, -1.0, -0.0, 0.0, 0.0, 1.0],
                    "selected": true,
                    "locked": false,
                    "visibility": true,
                    "positionStatus": "defined"
                },
                {
                    "id": "vtkMRMLMarkupsFiducialNode_13",
                    "label": "F_13",
                    "description": "",
                    "associatedNodeID": "vtkMRMLVectorVolumeNode12\r",
                    "position": [-92.647, -264.281, -143.065],
                    "orientation": [-1.0, -0.0, -0.0, -0.0, -1.0, -0.0, 0.0, 0.0, 1.0],
                    "selected": true,
                    "locked": false,
                    "visibility": true,
                    "positionStatus": "defined"
                },
                {
                    "id": "vtkMRMLMarkupsFiducialNode_14",
                    "label": "F_14",
                    "description": "",
                    "associatedNodeID": "vtkMRMLVectorVolumeNode12\r",
                    "position": [-136.339, -258.543, -144.543],
                    "orientation": [-1.0, -0.0, -0.0, -0.0, -1.0, -0.0, 0.0, 0.0, 1.0],
                    "selected": true,
                    "locked": false,
                    "visibility": true,
                    "positionStatus": "defined"
                },
                {
                    "id": "vtkMRMLMarkupsFiducialNode_15",
                    "label": "F_15",
                    "description": "",
                    "associatedNodeID": "vtkMRMLVectorVolumeNode12\r",
                    "position": [-83.132, -259.87, -146.541],
                    "orientation": [-1.0, -0.0, -0.0, -0.0, -1.0, -0.0, 0.0, 0.0, 1.0],
                    "selected": true,
                    "locked": false,
                    "visibility": true,
                    "positionStatus": "defined"
                },
                {
                    "id": "vtkMRMLMarkupsFiducialNode_16",
                    "label": "F_16",
                    "description": "",
                    "associatedNodeID": "vtkMRMLVectorVolumeNode12\r",
                    "position": [-147.36, -260.018, -136.702],
                    "orientation": [-1.0, -0.0, -0.0, -0.0, -1.0, -0.0, 0.0, 0.0, 1.0],
                    "selected": true,
                    "locked": false,
                    "visibility": true,
                    "positionStatus": "defined"
                },
                {
                    "id": "vtkMRMLMarkupsFiducialNode_17",
                    "label": "F_17",
                    "description": "",
                    "associatedNodeID": "vtkMRMLVectorVolumeNode12\r",
                    "position": [-68.537, -259.604, -141.097],
                    "orientation": [-1.0, -0.0, -0.0, -0.0, -1.0, -0.0, 0.0, 0.0, 1.0],
                    "selected": true,
                    "locked": false,
                    "visibility": true,
                    "positionStatus": "defined"
                },
                {
                    "id": "vtkMRMLMarkupsFiducialNode_18",
                    "label": "F_18",
                    "description": "",
                    "associatedNodeID": "vtkMRMLVectorVolumeNode12\r",
                    "position": [-107.356, -329.185, -53.51],
                    "orientation": [-1.0, -0.0, -0.0, -0.0, -1.0, -0.0, 0.0, 0.0, 1.0],
                    "selected": true,
                    "locked": false,
                    "visibility": true,
                    "positionStatus": "defined"
                },
                {
                    "id": "vtkMRMLMarkupsFiducialNode_19",
                    "label": "F_19",
                    "description": "",
                    "associatedNodeID": "vtkMRMLVectorVolumeNode12\r",
                    "position": [-108.607, -365.031, -78.603],
                    "orientation": [-1.0, -0.0, -0.0, -0.0, -1.0, -0.0, 0.0, 0.0, 1.0],
                    "selected": true,
                    "locked": false,
                    "visibility": true,
                    "positionStatus": "defined"
                },
                {
                    "id": "vtkMRMLMarkupsFiducialNode_20",
                    "label": "F_20",
                    "description": "",
                    "associatedNodeID": "vtkMRMLVectorVolumeNode12\r",
                    "position": [-109.659, -386.824, -100.665],
                    "orientation": [-1.0, -0.0, -0.0, -0.0, -1.0, -0.0, 0.0, 0.0, 1.0],
                    "selected": true,
                    "locked": false,
                    "visibility": true,
                    "positionStatus": "defined"
                },
                {
                    "id": "vtkMRMLMarkupsFiducialNode_21",
                    "label": "F_21",
                    "description": "",
                    "associatedNodeID": "vtkMRMLVectorVolumeNode12\r",
                    "position": [-109.745, -408.389, -105.778],
                    "orientation": [-1.0, -0.0, -0.0, -0.0, -1.0, -0.0, 0.0, 0.0, 1.0],
                    "selected": true,
                    "locked": false,
                    "visibility": true,
                    "positionStatus": "defined"
                },
                {
                    "id": "vtkMRMLMarkupsFiducialNode_22",
                    "label": "F_22",
                    "description": "",
                    "associatedNodeID": "vtkMRMLVectorVolumeNode12\r",
                    "position": [-136.888, -314.222, -43.809],
                    "orientation": [-1.0, -0.0, -0.0, -0.0, -1.0, -0.0, 0.0, 0.0, 1.0],
                    "selected": true,
                    "locked": false,
                    "visibility": true,
                    "positionStatus": "defined"
                },
                {
                    "id": "vtkMRMLMarkupsFiducialNode_23",
                    "label": "F_23",
                    "description": "",
                    "associatedNodeID": "vtkMRMLVectorVolumeNode12\r",
                    "position": [-75.213, -312.931, -47.131],
                    "orientation": [-1.0, -0.0, -0.0, -0.0, -1.0, -0.0, 0.0, 0.0, 1.0],
                    "selected": true,
                    "locked": false,
                    "visibility": true,
                    "positionStatus": "defined"
                },
                {
                    "id": "vtkMRMLMarkupsFiducialNode_24",
                    "label": "F_24",
                    "description": "",
                    "associatedNodeID": "vtkMRMLVectorVolumeNode12\r",
                    "position": [-157.284, -317.025, -62.334],
                    "orientation": [-1.0, -0.0, -0.0, -0.0, -1.0, -0.0, 0.0, 0.0, 1.0],
                    "selected": true,
                    "locked": false,
                    "visibility": true,
                    "positionStatus": "defined"
                },
                {
                    "id": "vtkMRMLMarkupsFiducialNode_25",
                    "label": "F_25",
                    "description": "",
                    "associatedNodeID": "vtkMRMLVectorVolumeNode12\r",
                    "position": [-57.297, -316.416, -62.196],
                    "orientation": [-1.0, -0.0, -0.0, -0.0, -1.0, -0.0, 0.0, 0.0, 1.0],
                    "selected": true,
                    "locked": false,
                    "visibility": true,
                    "positionStatus": "defined"
                },
                {
                    "id": "vtkMRMLMarkupsFiducialNode_26",
                    "label": "F_26",
                    "description": "",
                    "associatedNodeID": "vtkMRMLVectorVolumeNode12\r",
                    "position": [-117.682, -327.709, -67.32],
                    "orientation": [-1.0, -0.0, -0.0, -0.0, -1.0, -0.0, 0.0, 0.0, 1.0],
                    "selected": true,
                    "locked": false,
                    "visibility": true,
                    "positionStatus": "defined"
                },
                {
                    "id": "vtkMRMLMarkupsFiducialNode_27",
                    "label": "F_27",
                    "description": "",
                    "associatedNodeID": "vtkMRMLVectorVolumeNode12\r",
                    "position": [-95.87, -327.803, -69.252],
                    "orientation": [-1.0, -0.0, -0.0, -0.0, -1.0, -0.0, 0.0, 0.0, 1.0],
                    "selected": true,
                    "locked": false,
                    "visibility": true,
                    "positionStatus": "defined"
                },
                {
                    "id": "vtkMRMLMarkupsFiducialNode_28",
                    "label": "F_28",
                    "description": "",
                    "associatedNodeID": "vtkMRMLVectorVolumeNode12\r",
                    "position": [-139.469, -342.268, -80.711],
                    "orientation": [-1.0, -0.0, -0.0, -0.0, -1.0, -0.0, 0.0, 0.0, 1.0],
                    "selected": true,
                    "locked": false,
                    "visibility": true,
                    "positionStatus": "defined"
                },
                {
                    "id": "vtkMRMLMarkupsFiducialNode_29",
                    "label": "F_29",
                    "description": "",
                    "associatedNodeID": "vtkMRMLVectorVolumeNode12\r",
                    "position": [-73.134, -343.478, -81.671],
                    "orientation": [-1.0, -0.0, -0.0, -0.0, -1.0, -0.0, 0.0, 0.0, 1.0],
                    "selected": true,
                    "locked": false,
                    "visibility": true,
                    "positionStatus": "defined"
                },
                {
                    "id": "vtkMRMLMarkupsFiducialNode_30",
                    "label": "F_30",
                    "description": "",
                    "associatedNodeID": "vtkMRMLVectorVolumeNode12\r",
                    "position": [-173.497, -328.438, -96.193],
                    "orientation": [-1.0, -0.0, -0.0, -0.0, -1.0, -0.0, 0.0, 0.0, 1.0],
                    "selected": true,
                    "locked": false,
                    "visibility": true,
                    "positionStatus": "defined"
                },
                {
                    "id": "vtkMRMLMarkupsFiducialNode_31",
                    "label": "F_31",
                    "description": "",
                    "associatedNodeID": "vtkMRMLVectorVolumeNode12\r",
                    "position": [-41.732, -329.924, -96.576],
                    "orientation": [-1.0, -0.0, -0.0, -0.0, -1.0, -0.0, 0.0, 0.0, 1.0],
                    "selected": true,
                    "locked": false,
                    "visibility": true,
                    "positionStatus": "defined"
                },
                {
                    "id": "vtkMRMLMarkupsFiducialNode_32",
                    "label": "F_32",
                    "description": "",
                    "associatedNodeID": "vtkMRMLVectorVolumeNode12\r",
                    "position": [-162.702, -348.438, -116.29],
                    "orientation": [-1.0, -0.0, -0.0, -0.0, -1.0, -0.0, 0.0, 0.0, 1.0],
                    "selected": true,
                    "locked": false,
                    "visibility": true,
                    "positionStatus": "defined"
                },
                {
                    "id": "vtkMRMLMarkupsFiducialNode_33",
                    "label": "F_33",
                    "description": "",
                    "associatedNodeID": "vtkMRMLVectorVolumeNode12\r",
                    "position": [-51.533, -352.195, -114.093],
                    "orientation": [-1.0, -0.0, -0.0, -0.0, -1.0, -0.0, 0.0, 0.0, 1.0],
                    "selected": true,
                    "locked": false,
                    "visibility": true,
                    "positionStatus": "defined"
                },
                {
                    "id": "vtkMRMLMarkupsFiducialNode_34",
                    "label": "F_34",
                    "description": "",
                    "associatedNodeID": "vtkMRMLVectorVolumeNode12\r",
                    "position": [-136.176, -355.142, -94.136],
                    "orientation": [-1.0, -0.0, -0.0, -0.0, -1.0, -0.0, 0.0, 0.0, 1.0],
                    "selected": true,
                    "locked": false,
                    "visibility": true,
                    "positionStatus": "defined"
                },
                {
                    "id": "vtkMRMLMarkupsFiducialNode_35",
                    "label": "F_35",
                    "description": "",
                    "associatedNodeID": "vtkMRMLVectorVolumeNode12\r",
                    "position": [-79.279, -355.777, -92.164],
                    "orientation": [-1.0, -0.0, -0.0, -0.0, -1.0, -0.0, 0.0, 0.0, 1.0],
                    "selected": true,
                    "locked": false,
                    "visibility": true,
                    "positionStatus": "defined"
                },
                {
                    "id": "vtkMRMLMarkupsFiducialNode_36",
                    "label": "F_36",
                    "description": "",
                    "associatedNodeID": "vtkMRMLVectorVolumeNode12\r",
                    "position": [-127.641, -379.053, -93.85],
                    "orientation": [-1.0, -0.0, -0.0, -0.0, -1.0, -0.0, 0.0, 0.0, 1.0],
                    "selected": true,
                    "locked": false,
                    "visibility": true,
                    "positionStatus": "defined"
                },
                {
                    "id": "vtkMRMLMarkupsFiducialNode_37",
                    "label": "F_37",
                    "description": "",
                    "associatedNodeID": "vtkMRMLVectorVolumeNode12\r",
                    "position": [-90.658, -378.959, -91.317],
                    "orientation": [-1.0, -0.0, -0.0, -0.0, -1.0, -0.0, 0.0, 0.0, 1.0],
                    "selected": true,
                    "locked": false,
                    "visibility": true,
                    "positionStatus": "defined"
                },
                {
                    "id": "vtkMRMLMarkupsFiducialNode_38",
                    "label": "F_38",
                    "description": "",
                    "associatedNodeID": "vtkMRMLVectorVolumeNode12\r",
                    "position": [-125.939, -405.8, -106.862],
                    "orientation": [-1.0, -0.0, -0.0, -0.0, -1.0, -0.0, 0.0, 0.0, 1.0],
                    "selected": true,
                    "locked": false,
                    "visibility": true,
                    "positionStatus": "defined"
                },
                {
                    "id": "vtkMRMLMarkupsFiducialNode_39",
                    "label": "F_39",
                    "description": "",
                    "associatedNodeID": "vtkMRMLVectorVolumeNode12\r",
                    "position": [-93.501, -405.947, -105.484],
                    "orientation": [-1.0, -0.0, -0.0, -0.0, -1.0, -0.0, 0.0, 0.0, 1.0],
                    "selected": true,
                    "locked": false,
                    "visibility": true,
                    "positionStatus": "defined"
                },
                {
                    "id": "vtkMRMLMarkupsFiducialNode_40",
                    "label": "F_40",
                    "description": "",
                    "associatedNodeID": "vtkMRMLVectorVolumeNode12\r",
                    "position": [-138.987, -384.832, -123.802],
                    "orientation": [-1.0, -0.0, -0.0, -0.0, -1.0, -0.0, 0.0, 0.0, 1.0],
                    "selected": true,
                    "locked": false,
                    "visibility": true,
                    "positionStatus": "defined"
                },
                {
                    "id": "vtkMRMLMarkupsFiducialNode_41",
                    "label": "F_41",
                    "description": "",
                    "associatedNodeID": "vtkMRMLVectorVolumeNode12\r",
                    "position": [-78.055, -385.568, -121.153],
                    "orientation": [-1.0, -0.0, -0.0, -0.0, -1.0, -0.0, 0.0, 0.0, 1.0],
                    "selected": true,
                    "locked": false,
                    "visibility": true,
                    "positionStatus": "defined"
                }
            ],
            "measurements": [],
            "display": {
                "visibility": true,
                "opacity": 1.0,
                "color": [0.4, 1.0, 1.0],
                "selectedColor": [1.0, 0.5000076295109483, 0.5000076295109483],
                "activeColor": [0.4, 1.0, 0.0],
                "propertiesLabelVisibility": false,
                "pointLabelsVisibility": true,
                "textScale": 3.0,
                "glyphType": "Sphere3D",
                "glyphScale": 3.0,
                "glyphSize": 5.0,
                "useGlyphScale": true,
                "sliceProjection": false,
                "sliceProjectionUseFiducialColor": true,
                "sliceProjectionOutlinedBehindSlicePlane": false,
                "sliceProjectionColor": [1.0, 1.0, 1.0],
                "sliceProjectionOpacity": 0.6,
                "lineThickness": 0.2,
                "lineColorFadingStart": 1.0,
                "lineColorFadingEnd": 10.0,
                "lineColorFadingSaturation": 1.0,
                "lineColorFadingHueOffset": 0.0,
                "handlesInteractive": false,
                "translationHandleVisibility": true,
                "rotationHandleVisibility": true,
                "scaleHandleVisibility": true,
                "interactionHandleScale": 3.0,
                "snapMode": "toVisibleSurface"
            }
        }
    ]
}