{
    "@schema": "https://raw.githubusercontent.com/slicer/slicer/master/Modules/Loadable/Markups/Resources/Schema/markups-schema-v1.0.3.json#",
    "markups": [
        {
            "type": "Fiducial",
            "coordinateSystem": "LPS",
            "coordinateUnits": "mm",
            "locked": false,
            "fixedNumberOfControlPoints": false,
            "labelFormat": "%N-%d",
            "lastUsedControlPointNumber": 41,
            "controlPoints": [
                {
                    "id": "vtkMRMLMarkupsFiducialNode_1",
                    "label": "F_1",
                    "description": "",
                    "associatedNodeID": "vtkMRMLVectorVolumeNode12\r",
                    "position": [-109.052, -330.204, -145.974],
                    "orientation": [-1.0, -0.0, -0.0, -0.0, -1.0, -0.0, 0.0, 0.0, 1.0],
                    "selected": true,
                    "locked": false,
                    "visibility": true,
                    "positionStatus": "defined"
                },
                {
                    "id": "vtkMRMLMarkupsFiducialNode_2",
                    "label": "F_2",
                    "description": "",
                    "associatedNodeID": "vtkMRMLVectorVolumeNode12\r",
                    "position": [-114.044, -398.943, -127.826],
                    "orientation": [-1.0, -0.0, -0.0, -0.0, -1.0, -0.0, 0.0, 0.0, 1.0],
                    "selected": true,
                    "locked": false,
                    "visibility": true,
                    "positionStatus": "defined"
                },
                {
                    "id": "vtkMRMLMarkupsFiducialNode_3",
                    "label": "F_3",
                    "description": "",
                    "associatedNodeID": "vtkMRMLVectorVolumeNode12\r",
                    "position": [-110.219, -302.2, -90.294],
                    "orientation": [-1.0, -0.0, -0.0, -0.0, -1.0, -0.0, 0.0, 0.0, 1.0],
                    "selected": true,
                    "locked": false,
                    "visibility": true,
                    "positionStatus": "defined"
                },
                {
                    "id": "vtkMRMLMarkupsFiducialNode_4",
                    "label": "F_4",
                    "description": "",
                    "associatedNodeID": "vtkMRMLVectorVolumeNode12\r",
                    "position": [-108.31, -277.344, -104.794],
                    "orientation": [-1.0, -0.0, -0.0, -0.0, -1.0, -0.0, 0.0, 0.0, 1.0],
                    "selected": true,
                    "locked": false,
                    "visibility": true,
                    "positionStatus": "defined"
                },
                {
                    "id": "vtkMRMLMarkupsFiducialNode_5",
                    "label": "F_5",
                    "description": "",
                    "associatedNodeID": "vtkMRMLVectorVolumeNode12\r",
                    "position": [-106.639, -269.224, -119.407],
                    "orientation": [-1.0, -0.0, -0.0, -0.0, -1.0, -0.0, 0.0, 0.0, 1.0],
                    "selected": true,
                    "locked": false,
                    "visibility": true,
                    "positionStatus": "defined"
                },
                {
                    "id": "vtkMRMLMarkupsFiducialNode_6",
                    "label": "F_6",
                    "description": "",
                    "associatedNodeID": "vtkMRMLVectorVolumeNode12\r",
                    "position": [-105.322, -247.262, -160.655],
                    "orientation": [-1.0, -0.0, -0.0, -0.0, -1.0, -0.0, 0.0, 0.0, 1.0],
                    "selected": true,
                    "locked": false,
                    "visibility": true,
                    "positionStatus": "defined"
                },
                {
                    "id": "vtkMRMLMarkupsFiducialNode_7",
                    "label": "F_7",
                    "description": "",
                    "associatedNodeID": "vtkMRMLVectorVolumeNode12\r",
                    "position": [-104.12, -216.875, -161.93],
                    "orientation": [-1.0, -0.0, -0.0, -0.0, -1.0, -0.0, 0.0, 0.0, 1.0],
                    "selected": true,
                    "locked": false,
                    "visibility": true,
                    "positionStatus": "defined"
                },
                {
                    "id": "vtkMRMLMarkupsFiducialNode_8",
                    "label": "F_8",
                    "description": "",
                    "associatedNodeID": "vtkMRMLVectorVolumeNode12\r",
                    "position": [-115.219, -248.361, -163.103],
                    "orientation": [-1.0, -0.0, -0.0, -0.0, -1.0, -0.0, 0.0, 0.0, 1.0],
                    "selected": true,
                    "locked": false,
                    "visibility": true,
                    "positionStatus": "defined"
                },
                {
                    "id": "vtkMRMLMarkupsFiducialNode_9",
                    "label": "F_9",
                    "description": "",
                    "associatedNodeID": "vtkMRMLVectorVolumeNode12\r",
                    "position": [-96.477, -250.035, -161.909],
                    "orientation": [-1.0, -0.0, -0.0, -0.0, -1.0, -0.0, 0.0, 0.0, 1.0],
                    "selected": true,
                    "locked": false,
                    "visibility": true,
                    "positionStatus": "defined"
                },
                {
                    "id": "vtkMRMLMarkupsFiducialNode_10",
                    "label": "F_10",
                    "description": "",
                    "associatedNodeID": "vtkMRMLVectorVolumeNode12\r",
                    "position": [-124.845, -228.813, -163.066],
                    "orientation": [-1.0, -0.0, -0.0, -0.0, -1.0, -0.0, 0.0, 0.0, 1.0],
                    "selected": true,
                    "locked": false,
                    "visibility": true,
                    "positionStatus": "defined"
                },
                {
                    "id": "vtkMRMLMarkupsFiducialNode_11",
                    "label": "F_11",
                    "description": "",
                    "associatedNodeID": "vtkMRMLVectorVolumeNode12\r",
                    "position": [-83.867, -231.951, -164.245],
                    "orientation": [-1.0, -0.0, -0.0, -0.0, -1.0, -0.0, 0.0, 0.0, 1.0],
                    "selected": true,
                    "locked": false,
                    "visibility": true,
                    "positionStatus": "defined"
                },
                {
                    "id": "vtkMRMLMarkupsFiducialNode_12",
                    "label": "F_12",
                    "description": "",
                    "associatedNodeID": "vtkMRMLVectorVolumeNode12\r",
                    "position": [-123.799, -247.726, -152.625],
                    "orientation": [-1.0, -0.0, -0.0, -0.0, -1.0, -0.0, 0.0, 0.0, 1.0],
                    "selected": true,
                    "locked": false,
                    "visibility": true,
                    "positionStatus": "defined"
                },
                {
                    "id": "vtkMRMLMarkupsFiducialNode_13",
                    "label": "F_13",
                    "description": "",
                    "associatedNodeID": "vtkMRMLVectorVolumeNode12\r",
                    "position": [-87.248, -250.436, -152.417],
                    "orientation": [-1.0, -0.0, -0.0, -0.0, -1.0, -0.0, 0.0, 0.0, 1.0],
                    "selected": true,
                    "locked": false,
                    "visibility": true,
                    "positionStatus": "defined"
                },
                {
                    "id": "vtkMRMLMarkupsFiducialNode_14",
                    "label": "F_14",
                    "description": "",
                    "associatedNodeID": "vtkMRMLVectorVolumeNode12\r",
                    "position": [-135.077, -242.119, -156.27],
                    "orientation": [-1.0, -0.0, -0.0, -0.0, -1.0, -0.0, 0.0, 0.0, 1.0],
                    "selected": true,
                    "locked": false,
                    "visibility": true,
                    "positionStatus": "defined"
                },
                {
                    "id": "vtkMRMLMarkupsFiducialNode_15",
                    "label": "F_15",
                    "description": "",
                    "associatedNodeID": "vtkMRMLVectorVolumeNode12\r",
                    "position": [-76.806, -247.522, -157.415],
                    "orientation": [-1.0, -0.0, -0.0, -0.0, -1.0, -0.0, 0.0, 0.0, 1.0],
                    "selected": true,
                    "locked": false,
                    "visibility": true,
                    "positionStatus": "defined"
                },
                {
                    "id": "vtkMRMLMarkupsFiducialNode_16",
                    "label": "F_16",
                    "description": "",
                    "associatedNodeID": "vtkMRMLVectorVolumeNode12\r",
                    "position": [-147.073, -241.854, -148.405],
                    "orientation": [-1.0, -0.0, -0.0, -0.0, -1.0, -0.0, 0.0, 0.0, 1.0],
                    "selected": true,
                    "locked": false,
                    "visibility": true,
                    "positionStatus": "defined"
                },
                {
                    "id": "vtkMRMLMarkupsFiducialNode_17",
                    "label": "F_17",
                    "description": "",
                    "associatedNodeID": "vtkMRMLVectorVolumeNode12\r",
                    "position": [-63.615, -247.968, -149.114],
                    "orientation": [-1.0, -0.0, -0.0, -0.0, -1.0, -0.0, 0.0, 0.0, 1.0],
                    "selected": true,
                    "locked": false,
                    "visibility": true,
                    "positionStatus": "defined"
                },
                {
                    "id": "vtkMRMLMarkupsFiducialNode_18",
                    "label": "F_18",
                    "description": "",
                    "associatedNodeID": "vtkMRMLVectorVolumeNode12\r",
                    "position": [-109.204, -317.471, -49.629],
                    "orientation": [-1.0, -0.0, -0.0, -0.0, -1.0, -0.0, 0.0, 0.0, 1.0],
                    "selected": true,
                    "locked": false,
                    "visibility": true,
                    "positionStatus": "defined"
                },
                {
                    "id": "vtkMRMLMarkupsFiducialNode_19",
                    "label": "F_19",
                    "description": "",
                    "associatedNodeID": "vtkMRMLVectorVolumeNode12\r",
                    "position": [-113.15, -370.32, -81.992],
                    "orientation": [-1.0, -0.0, -0.0, -0.0, -1.0, -0.0, 0.0, 0.0, 1.0],
                    "selected": true,
                    "locked": false,
                    "visibility": true,
                    "positionStatus": "defined"
                },
                {
                    "id": "vtkMRMLMarkupsFiducialNode_20",
                    "label": "F_20",
                    "description": "",
                    "associatedNodeID": "vtkMRMLVectorVolumeNode12\r",
                    "position": [-114.585, -396.356, -109.469],
                    "orientation": [-1.0, -0.0, -0.0, -0.0, -1.0, -0.0, 0.0, 0.0, 1.0],
                    "selected": true,
                    "locked": false,
                    "visibility": true,
                    "positionStatus": "defined"
                },
                {
                    "id": "vtkMRMLMarkupsFiducialNode_21",
                    "label": "F_21",
                    "description": "",
                    "associatedNodeID": "vtkMRMLVectorVolumeNode12\r",
                    "position": [-115.856, -425.428, -114.843],
                    "orientation": [-1.0, -0.0, -0.0, -0.0, -1.0, -0.0, 0.0, 0.0, 1.0],
                    "selected": true,
                    "locked": false,
                    "visibility": true,
                    "positionStatus": "defined"
                },
                {
                    "id": "vtkMRMLMarkupsFiducialNode_22",
                    "label": "F_22",
                    "description": "",
                    "associatedNodeID": "vtkMRMLVectorVolumeNode12\r",
                    "position": [-146.768, -308.07, -44.644],
                    "orientation": [-1.0, -0.0, -0.0, -0.0, -1.0, -0.0, 0.0, 0.0, 1.0],
                    "selected": true,
                    "locked": false,
                    "visibility": true,
                    "positionStatus": "defined"
                },
                {
                    "id": "vtkMRMLMarkupsFiducialNode_23",
                    "label": "F_23",
                    "description": "",
                    "associatedNodeID": "vtkMRMLVectorVolumeNode12\r",
                    "position": [-74.466, -308.204, -44.069],
                    "orientation": [-1.0, -0.0, -0.0, -0.0, -1.0, -0.0, 0.0, 0.0, 1.0],
                    "selected": true,
                    "locked": false,
                    "visibility": true,
                    "positionStatus": "defined"
                },
                {
                    "id": "vtkMRMLMarkupsFiducialNode_24",
                    "label": "F_24",
                    "description": "",
                    "associatedNodeID": "vtkMRMLVectorVolumeNode12\r",
                    "position": [-167.416, -305.503, -62.399],
                    "orientation": [-1.0, -0.0, -0.0, -0.0, -1.0, -0.0, 0.0, 0.0, 1.0],
                    "selected": true,
                    "locked": false,
                    "visibility": true,
                    "positionStatus": "defined"
                },
                {
                    "id": "vtkMRMLMarkupsFiducialNode_25",
                    "label": "F_25",
                    "description": "",
                    "associatedNodeID": "vtkMRMLVectorVolumeNode12\r",
                    "position": [-53.369, -309.436, -64.076],
                    "orientation": [-1.0, -0.0, -0.0, -0.0, -1.0, -0.0, 0.0, 0.0, 1.0],
                    "selected": true,
                    "locked": false,
                    "visibility": true,
                    "positionStatus": "defined"
                },
                {
                    "id": "vtkMRMLMarkupsFiducialNode_26",
                    "label": "F_26",
                    "description": "",
                    "associatedNodeID": "vtkMRMLVectorVolumeNode12\r",
                    "position": [-121.927, -317.355, -67.878],
                    "orientation": [-1.0, -0.0, -0.0, -0.0, -1.0, -0.0, 0.0, 0.0, 1.0],
                    "selected": true,
                    "locked": false,
                    "visibility": true,
                    "positionStatus": "defined"
                },
                {
                    "id": "vtkMRMLMarkupsFiducialNode_27",
                    "label": "F_27",
                    "description": "",
                    "associatedNodeID": "vtkMRMLVectorVolumeNode12\r",
                    "position": [-98.712, -319.667, -68.433],
                    "orientation": [-1.0, -0.0, -0.0, -0.0, -1.0, -0.0, 0.0, 0.0, 1.0],
                    "selected": true,
                    "locked": false,
                    "visibility": true,
                    "positionStatus": "defined"
                },
                {
                    "id": "vtkMRMLMarkupsFiducialNode_28",
                    "label": "F_28",
                    "description": "",
                    "associatedNodeID": "vtkMRMLVectorVolumeNode12\r",
                    "position": [-135.29, -335.572, -82.003],
                    "orientation": [-1.0, -0.0, -0.0, -0.0, -1.0, -0.0, 0.0, 0.0, 1.0],
                    "selected": true,
                    "locked": false,
                    "visibility": true,
                    "positionStatus": "defined"
                },
                {
                    "id": "vtkMRMLMarkupsFiducialNode_29",
                    "label": "F_29",
                    "description": "",
                    "associatedNodeID": "vtkMRMLVectorVolumeNode12\r",
                    "position": [-88.233, -338.132, -81.677],
                    "orientation": [-1.0, -0.0, -0.0, -0.0, -1.0, -0.0, 0.0, 0.0, 1.0],
                    "selected": true,
                    "locked": false,
                    "visibility": true,
                    "positionStatus": "defined"
                },
                {
                    "id": "vtkMRMLMarkupsFiducialNode_30",
                    "label": "F_30",
                    "description": "",
                    "associatedNodeID": "vtkMRMLVectorVolumeNode12\r",
                    "position": [-189.805, -319.435, -97.287],
                    "orientation": [-1.0, -0.0, -0.0, -0.0, -1.0, -0.0, 0.0, 0.0, 1.0],
                    "selected": true,
                    "locked": false,
                    "visibility": true,
                    "positionStatus": "defined"
                },
                {
                    "id": "vtkMRMLMarkupsFiducialNode_31",
                    "label": "F_31",
                    "description": "",
                    "associatedNodeID": "vtkMRMLVectorVolumeNode12\r",
                    "position": [-30.603, -325.303, -97.325],
                    "orientation": [-1.0, -0.0, -0.0, -0.0, -1.0, -0.0, 0.0, 0.0, 1.0],
                    "selected": true,
                    "locked": false,
                    "visibility": true,
                    "positionStatus": "defined"
                },
                {
                    "id": "vtkMRMLMarkupsFiducialNode_32",
                    "label": "F_32",
                    "description": "",
                    "associatedNodeID": "vtkMRMLVectorVolumeNode12\r",
                    "position": [-177.433, -348.702, -119.148],
                    "orientation": [-1.0, -0.0, -0.0, -0.0, -1.0, -0.0, 0.0, 0.0, 1.0],
                    "selected": true,
                    "locked": false,
                    "visibility": true,
                    "positionStatus": "defined"
                },
                {
                    "id": "vtkMRMLMarkupsFiducialNode_33",
                    "label": "F_33",
                    "description": "",
                    "associatedNodeID": "vtkMRMLVectorVolumeNode12\r",
                    "position": [-45.96, -353.062, -118.888],
                    "orientation": [-1.0, -0.0, -0.0, -0.0, -1.0, -0.0, 0.0, 0.0, 1.0],
                    "selected": true,
                    "locked": false,
                    "visibility": true,
                    "positionStatus": "defined"
                },
                {
                    "id": "vtkMRMLMarkupsFiducialNode_34",
                    "label": "F_34",
                    "description": "",
                    "associatedNodeID": "vtkMRMLVectorVolumeNode12\r",
                    "position": [-145.356, -360.558, -95.963],
                    "orientation": [-1.0, -0.0, -0.0, -0.0, -1.0, -0.0, 0.0, 0.0, 1.0],
                    "selected": true,
                    "locked": false,
                    "visibility": true,
                    "positionStatus": "defined"
                },
                {
                    "id": "vtkMRMLMarkupsFiducialNode_35",
                    "label": "F_35",
                    "description": "",
                    "associatedNodeID": "vtkMRMLVectorVolumeNode12\r",
                    "position": [-80.589, -363.414, -94.897],
                    "orientation": [-1.0, -0.0, -0.0, -0.0, -1.0, -0.0, 0.0, 0.0, 1.0],
                    "selected": true,
                    "locked": false,
                    "visibility": true,
                    "positionStatus": "defined"
                },
                {
                    "id": "vtkMRMLMarkupsFiducialNode_36",
                    "label": "F_36",
                    "description": "",
                    "associatedNodeID": "vtkMRMLVectorVolumeNode12\r",
                    "position": [-133.703, -389.407, -99.58],
                    "orientation": [-1.0, -0.0, -0.0, -0.0, -1.0, -0.0, 0.0, 0.0, 1.0],
                    "selected": true,
                    "locked": false,
                    "visibility": true,
                    "positionStatus": "defined"
                },
                {
                    "id": "vtkMRMLMarkupsFiducialNode_37",
                    "label": "F_37",
                    "description": "",
                    "associatedNodeID": "vtkMRMLVectorVolumeNode12\r",
                    "position": [-95.101, -391.181, -99.629],
                    "orientation": [-1.0, -0.0, -0.0, -0.0, -1.0, -0.0, 0.0, 0.0, 1.0],
                    "selected": true,
                    "locked": false,
                    "visibility": true,
                    "positionStatus": "defined"
                },
                {
                    "id": "vtkMRMLMarkupsFiducialNode_38",
                    "label": "F_38",
                    "description": "",
                    "associatedNodeID": "vtkMRMLVectorVolumeNode12\r",
                    "position": [-132.915, -422.538, -115.415],
                    "orientation": [-1.0, -0.0, -0.0, -0.0, -1.0, -0.0, 0.0, 0.0, 1.0],
                    "selected": true,
                    "locked": false,
                    "visibility": true,
                    "positionStatus": "defined"
                },
                {
                    "id": "vtkMRMLMarkupsFiducialNode_39",
                    "label": "F_39",
                    "description": "",
                    "associatedNodeID": "vtkMRMLVectorVolumeNode12\r",
                    "position": [-98.294, -424.504, -114.41],
                    "orientation": [-1.0, -0.0, -0.0, -0.0, -1.0, -0.0, 0.0, 0.0, 1.0],
                    "selected": true,
                    "locked": false,
                    "visibility": true,
                    "positionStatus": "defined"
                },
                {
                    "id": "vtkMRMLMarkupsFiducialNode_40",
                    "label": "F_40",
                    "description": "",
                    "associatedNodeID": "vtkMRMLVectorVolumeNode12\r",
                    "position": [-149.204, -398.656, -136.732],
                    "orientation": [-1.0, -0.0, -0.0, -0.0, -1.0, -0.0, 0.0, 0.0, 1.0],
                    "selected": true,
                    "locked": false,
                    "visibility": true,
                    "positionStatus": "defined"
                },
                {
                    "id": "vtkMRMLMarkupsFiducialNode_41",
                    "label": "F_41",
                    "description": "",
                    "associatedNodeID": "vtkMRMLVectorVolumeNode12\r",
                    "position": [-78.318, -401.286, -135.298],
                    "orientation": [-1.0, -0.0, -0.0, -0.0, -1.0, -0.0, 0.0, 0.0, 1.0],
                    "selected": true,
                    "locked": false,
                    "visibility": true,
                    "positionStatus": "defined"
                }
            ],
            "measurements": [],
            "display": {
                "visibility": true,
                "opacity": 1.0,
                "color": [0.4, 1.0, 1.0],
                "selectedColor": [1.0, 0.5000076295109483, 0.5000076295109483],
                "activeColor": [0.4, 1.0, 0.0],
                "propertiesLabelVisibility": false,
                "pointLabelsVisibility": true,
                "textScale": 3.0,
                "glyphType": "Sphere3D",
                "glyphScale": 3.0,
                "glyphSize": 5.0,
                "useGlyphScale": true,
                "sliceProjection": false,
                "sliceProjectionUseFiducialColor": true,
                "sliceProjectionOutlinedBehindSlicePlane": false,
                "sliceProjectionColor": [1.0, 1.0, 1.0],
                "sliceProjectionOpacity": 0.6,
                "lineThickness": 0.2,
                "lineColorFadingStart": 1.0,
                "lineColorFadingEnd": 10.0,
                "lineColorFadingSaturation": 1.0,
                "lineColorFadingHueOffset": 0.0,
                "handlesInteractive": false,
                "translationHandleVisibility": true,
                "rotationHandleVisibility": true,
                "scaleHandleVisibility": true,
                "interactionHandleScale": 3.0,
                "snapMode": "toVisibleSurface"
            }
        }
    ]
}