{
    "@schema": "https://raw.githubusercontent.com/slicer/slicer/master/Modules/Loadable/Markups/Resources/Schema/markups-schema-v1.0.3.json#",
    "markups": [
        {
            "type": "Fiducial",
            "coordinateSystem": "LPS",
            "coordinateUnits": "mm",
            "locked": false,
            "fixedNumberOfControlPoints": false,
            "labelFormat": "%N-%d",
            "lastUsedControlPointNumber": 55,
            "controlPoints": [
                {
                    "id": "vtkMRMLMarkupsFiducialNode_1",
                    "label": "F_1",
                    "description": "",
                    "associatedNodeID": "vtkMRMLVectorVolumeNode12\r",
                    "position": [-215.959, -86.9377, 143.0078],
                    "orientation": [-1.0, -0.0, -0.0, -0.0, -1.0, -0.0, 0.0, 0.0, 1.0],
                    "selected": true,
                    "locked": false,
                    "visibility": true,
                    "positionStatus": "defined"
                },
                {
                    "id": "vtkMRMLMarkupsFiducialNode_2",
                    "label": "F_2",
                    "description": "",
                    "associatedNodeID": "vtkMRMLVectorVolumeNode12\r",
                    "position": [-209.081, -87.6179, 143.194],
                    "orientation": [-1.0, -0.0, -0.0, -0.0, -1.0, -0.0, 0.0, 0.0, 1.0],
                    "selected": true,
                    "locked": false,
                    "visibility": true,
                    "positionStatus": "defined"
                },
                {
                    "id": "vtkMRMLMarkupsFiducialNode_3",
                    "label": "F_3",
                    "description": "",
                    "associatedNodeID": "vtkMRMLVectorVolumeNode12\r",
                    "position": [-250.239, -202.581, 179.2054],
                    "orientation": [-1.0, -0.0, -0.0, -0.0, -1.0, -0.0, 0.0, 0.0, 1.0],
                    "selected": true,
                    "locked": false,
                    "visibility": true,
                    "positionStatus": "defined"
                },
                {
                    "id": "vtkMRMLMarkupsFiducialNode_4",
                    "label": "F_4",
                    "description": "",
                    "associatedNodeID": "vtkMRMLVectorVolumeNode12\r",
                    "position": [-216.29, -219.247, 194.0706],
                    "orientation": [-1.0, -0.0, -0.0, -0.0, -1.0, -0.0, 0.0, 0.0, 1.0],
                    "selected": true,
                    "locked": false,
                    "visibility": true,
                    "positionStatus": "defined"
                },
                {
                    "id": "vtkMRMLMarkupsFiducialNode_5",
                    "label": "F_5",
                    "description": "",
                    "associatedNodeID": "vtkMRMLVectorVolumeNode12\r",
                    "position": [-201.216, -218.594, 192.9183],
                    "orientation": [-1.0, -0.0, -0.0, -0.0, -1.0, -0.0, 0.0, 0.0, 1.0],
                    "selected": true,
                    "locked": false,
                    "visibility": true,
                    "positionStatus": "defined"
                },
                {
                    "id": "vtkMRMLMarkupsFiducialNode_6",
                    "label": "F_6",
                    "description": "",
                    "associatedNodeID": "vtkMRMLVectorVolumeNode12\r",
                    "position": [-172.1052, -204.803, 178.1746],
                    "orientation": [-1.0, -0.0, -0.0, -0.0, -1.0, -0.0, 0.0, 0.0, 1.0],
                    "selected": true,
                    "locked": false,
                    "visibility": true,
                    "positionStatus": "defined"
                },
                {
                    "id": "vtkMRMLMarkupsFiducialNode_7",
                    "label": "F_7",
                    "description": "",
                    "associatedNodeID": "vtkMRMLVectorVolumeNode12\r",
                    "position": [-310.135, -250.585, 130.2599],
                    "orientation": [-1.0, -0.0, -0.0, -0.0, -1.0, -0.0, 0.0, 0.0, 1.0],
                    "selected": true,
                    "locked": false,
                    "visibility": true,
                    "positionStatus": "defined"
                },
                {
                    "id": "vtkMRMLMarkupsFiducialNode_8",
                    "label": "F_8",
                    "description": "",
                    "associatedNodeID": "vtkMRMLVectorVolumeNode12\r",
                    "position": [-115.8538, -243.263, 124.3763],
                    "orientation": [-1.0, -0.0, -0.0, -0.0, -1.0, -0.0, 0.0, 0.0, 1.0],
                    "selected": true,
                    "locked": false,
                    "visibility": true,
                    "positionStatus": "defined"
                },
                {
                    "id": "vtkMRMLMarkupsFiducialNode_9",
                    "label": "F_9",
                    "description": "",
                    "associatedNodeID": "vtkMRMLVectorVolumeNode12\r",
                    "position": [-324.821, -334.435, 121.9389],
                    "orientation": [-1.0, -0.0, -0.0, -0.0, -1.0, -0.0, 0.0, 0.0, 1.0],
                    "selected": true,
                    "locked": false,
                    "visibility": true,
                    "positionStatus": "defined"
                },
                {
                    "id": "vtkMRMLMarkupsFiducialNode_10",
                    "label": "F_10",
                    "description": "",
                    "associatedNodeID": "vtkMRMLVectorVolumeNode12\r",
                    "position": [-264.326, -300.765, 198.3132],
                    "orientation": [-1.0, -0.0, -0.0, -0.0, -1.0, -0.0, 0.0, 0.0, 1.0],
                    "selected": true,
                    "locked": false,
                    "visibility": true,
                    "positionStatus": "defined"
                },
                {
                    "id": "vtkMRMLMarkupsFiducialNode_11",
                    "label": "F_11",
                    "description": "",
                    "associatedNodeID": "vtkMRMLVectorVolumeNode12\r",
                    "position": [-153.7873, -301.157, 194.9922],
                    "orientation": [-1.0, -0.0, -0.0, -0.0, -1.0, -0.0, 0.0, 0.0, 1.0],
                    "selected": true,
                    "locked": false,
                    "visibility": true,
                    "positionStatus": "defined"
                },
                {
                    "id": "vtkMRMLMarkupsFiducialNode_12",
                    "label": "F_12",
                    "description": "",
                    "associatedNodeID": "vtkMRMLVectorVolumeNode12\r",
                    "position": [-94.4944, -324.006, 110.4179],
                    "orientation": [-1.0, -0.0, -0.0, -0.0, -1.0, -0.0, 0.0, 0.0, 1.0],
                    "selected": true,
                    "locked": false,
                    "visibility": true,
                    "positionStatus": "defined"
                },
                {
                    "id": "vtkMRMLMarkupsFiducialNode_13",
                    "label": "F_13",
                    "description": "",
                    "associatedNodeID": "vtkMRMLVectorVolumeNode12\r",
                    "position": [-211.251, -358.101, 210.432],
                    "orientation": [-1.0, -0.0, -0.0, -0.0, -1.0, -0.0, 0.0, 0.0, 1.0],
                    "selected": true,
                    "locked": false,
                    "visibility": true,
                    "positionStatus": "defined"
                },
                {
                    "id": "vtkMRMLMarkupsFiducialNode_14",
                    "label": "F_14",
                    "description": "",
                    "associatedNodeID": "vtkMRMLVectorVolumeNode12\r",
                    "position": [-207.649, -435.97, 195.3091],
                    "orientation": [-1.0, -0.0, -0.0, -0.0, -1.0, -0.0, 0.0, 0.0, 1.0],
                    "selected": true,
                    "locked": false,
                    "visibility": true,
                    "positionStatus": "defined"
                },
                {
                    "id": "vtkMRMLMarkupsFiducialNode_15",
                    "label": "F_15",
                    "description": "",
                    "associatedNodeID": "vtkMRMLVectorVolumeNode12\r",
                    "position": [-207.746, -495.47, 167.8203],
                    "orientation": [-1.0, -0.0, -0.0, -0.0, -1.0, -0.0, 0.0, 0.0, 1.0],
                    "selected": true,
                    "locked": false,
                    "visibility": true,
                    "positionStatus": "defined"
                },
                {
                    "id": "vtkMRMLMarkupsFiducialNode_16",
                    "label": "F_16",
                    "description": "",
                    "associatedNodeID": "vtkMRMLVectorVolumeNode12\r",
                    "position": [-264.708, -440.053, 182.1989],
                    "orientation": [-1.0, -0.0, -0.0, -0.0, -1.0, -0.0, 0.0, 0.0, 1.0],
                    "selected": true,
                    "locked": false,
                    "visibility": true,
                    "positionStatus": "defined"
                },
                {
                    "id": "vtkMRMLMarkupsFiducialNode_17",
                    "label": "F_17",
                    "description": "",
                    "associatedNodeID": "vtkMRMLVectorVolumeNode12\r",
                    "position": [-143.7882, -439.42, 179.0192],
                    "orientation": [-1.0, -0.0, -0.0, -0.0, -1.0, -0.0, 0.0, 0.0, 1.0],
                    "selected": true,
                    "locked": false,
                    "visibility": true,
                    "positionStatus": "defined"
                },
                {
                    "id": "vtkMRMLMarkupsFiducialNode_18",
                    "label": "F_18",
                    "description": "",
                    "associatedNodeID": "vtkMRMLVectorVolumeNode12\r",
                    "position": [-250.518, -159.1378, 153.1588],
                    "orientation": [-1.0, -0.0, -0.0, -0.0, -1.0, -0.0, 0.0, 0.0, 1.0],
                    "selected": true,
                    "locked": false,
                    "visibility": true,
                    "positionStatus": "defined"
                },
                {
                    "id": "vtkMRMLMarkupsFiducialNode_19",
                    "label": "F_19",
                    "description": "",
                    "associatedNodeID": "vtkMRMLVectorVolumeNode12\r",
                    "position": [-271.73, -222.839, 169.8566],
                    "orientation": [-1.0, -0.0, -0.0, -0.0, -1.0, -0.0, 0.0, 0.0, 1.0],
                    "selected": true,
                    "locked": false,
                    "visibility": true,
                    "positionStatus": "defined"
                },
                {
                    "id": "vtkMRMLMarkupsFiducialNode_20",
                    "label": "F_20",
                    "description": "",
                    "associatedNodeID": "vtkMRMLVectorVolumeNode12\r",
                    "position": [-261.338, -289.89, 193.1766],
                    "orientation": [-1.0, -0.0, -0.0, -0.0, -1.0, -0.0, 0.0, 0.0, 1.0],
                    "selected": true,
                    "locked": false,
                    "visibility": true,
                    "positionStatus": "defined"
                },
                {
                    "id": "vtkMRMLMarkupsFiducialNode_21",
                    "label": "F_21",
                    "description": "",
                    "associatedNodeID": "vtkMRMLVectorVolumeNode12\r",
                    "position": [-276.119, -316.398, 144.9979],
                    "orientation": [-1.0, -0.0, -0.0, -0.0, -1.0, -0.0, 0.0, 0.0, 1.0],
                    "selected": true,
                    "locked": false,
                    "visibility": true,
                    "positionStatus": "defined"
                },
                {
                    "id": "vtkMRMLMarkupsFiducialNode_22",
                    "label": "F_22",
                    "description": "",
                    "associatedNodeID": "vtkMRMLVectorVolumeNode12\r",
                    "position": [-305.542, -420.793, 130.8921],
                    "orientation": [-1.0, -0.0, -0.0, -0.0, -1.0, -0.0, 0.0, 0.0, 1.0],
                    "selected": true,
                    "locked": false,
                    "visibility": true,
                    "positionStatus": "defined"
                },
                {
                    "id": "vtkMRMLMarkupsFiducialNode_23",
                    "label": "F_23",
                    "description": "",
                    "associatedNodeID": "vtkMRMLVectorVolumeNode12\r",
                    "position": [-176.1498, -159.6715, 151.1675],
                    "orientation": [-1.0, -0.0, -0.0, -0.0, -1.0, -0.0, 0.0, 0.0, 1.0],
                    "selected": true,
                    "locked": false,
                    "visibility": true,
                    "positionStatus": "defined"
                },
                {
                    "id": "vtkMRMLMarkupsFiducialNode_24",
                    "label": "F_24",
                    "description": "",
                    "associatedNodeID": "vtkMRMLVectorVolumeNode12\r",
                    "position": [-150.9294, -220.221, 165.415],
                    "orientation": [-1.0, -0.0, -0.0, -0.0, -1.0, -0.0, 0.0, 0.0, 1.0],
                    "selected": true,
                    "locked": false,
                    "visibility": true,
                    "positionStatus": "defined"
                },
                {
                    "id": "vtkMRMLMarkupsFiducialNode_25",
                    "label": "F_25",
                    "description": "",
                    "associatedNodeID": "vtkMRMLVectorVolumeNode12\r",
                    "position": [-156.0909, -290.841, 190.7168],
                    "orientation": [-1.0, -0.0, -0.0, -0.0, -1.0, -0.0, 0.0, 0.0, 1.0],
                    "selected": true,
                    "locked": false,
                    "visibility": true,
                    "positionStatus": "defined"
                },
                {
                    "id": "vtkMRMLMarkupsFiducialNode_26",
                    "label": "F_26",
                    "description": "",
                    "associatedNodeID": "vtkMRMLVectorVolumeNode12\r",
                    "position": [-147.3666, -310.548, 135.3443],
                    "orientation": [-1.0, -0.0, -0.0, -0.0, -1.0, -0.0, 0.0, 0.0, 1.0],
                    "selected": true,
                    "locked": false,
                    "visibility": true,
                    "positionStatus": "defined"
                },
                {
                    "id": "vtkMRMLMarkupsFiducialNode_27",
                    "label": "F_27",
                    "description": "",
                    "associatedNodeID": "vtkMRMLVectorVolumeNode12\r",
                    "position": [-108.7442, -408.956, 128.1321],
                    "orientation": [-1.0, -0.0, -0.0, -0.0, -1.0, -0.0, 0.0, 0.0, 1.0],
                    "selected": true,
                    "locked": false,
                    "visibility": true,
                    "positionStatus": "defined"
                },
                {
                    "id": "vtkMRMLMarkupsFiducialNode_28",
                    "label": "F_28",
                    "description": "",
                    "associatedNodeID": "vtkMRMLVectorVolumeNode12\r",
                    "position": [-215.486, -101.188, 94.2089],
                    "orientation": [-1.0, -0.0, -0.0, -0.0, -1.0, -0.0, 0.0, 0.0, 1.0],
                    "selected": true,
                    "locked": false,
                    "visibility": true,
                    "positionStatus": "defined"
                },
                {
                    "id": "vtkMRMLMarkupsFiducialNode_29",
                    "label": "F_29",
                    "description": "",
                    "associatedNodeID": "vtkMRMLVectorVolumeNode12\r",
                    "position": [-271.584, -206.761, 147.4768],
                    "orientation": [-1.0, -0.0, -0.0, -0.0, -1.0, -0.0, 0.0, 0.0, 1.0],
                    "selected": true,
                    "locked": false,
                    "visibility": true,
                    "positionStatus": "defined"
                },
                {
                    "id": "vtkMRMLMarkupsFiducialNode_30",
                    "label": "F_30",
                    "description": "",
                    "associatedNodeID": "vtkMRMLVectorVolumeNode12\r",
                    "position": [-153.3585, -205.039, 142.9231],
                    "orientation": [-1.0, -0.0, -0.0, -0.0, -1.0, -0.0, 0.0, 0.0, 1.0],
                    "selected": true,
                    "locked": false,
                    "visibility": true,
                    "positionStatus": "defined"
                },
                {
                    "id": "vtkMRMLMarkupsFiducialNode_31",
                    "label": "F_31",
                    "description": "",
                    "associatedNodeID": "vtkMRMLVectorVolumeNode12\r",
                    "position": [-208.493, -153.1388, 95.4978],
                    "orientation": [-1.0, -0.0, -0.0, -0.0, -1.0, -0.0, 0.0, 0.0, 1.0],
                    "selected": true,
                    "locked": false,
                    "visibility": true,
                    "positionStatus": "defined"
                },
                {
                    "id": "vtkMRMLMarkupsFiducialNode_32",
                    "label": "F_32",
                    "description": "",
                    "associatedNodeID": "vtkMRMLVectorVolumeNode12\r",
                    "position": [-222.53, -152.7953, 96.7982],
                    "orientation": [-1.0, -0.0, -0.0, -0.0, -1.0, -0.0, 0.0, 0.0, 1.0],
                    "selected": true,
                    "locked": false,
                    "visibility": true,
                    "positionStatus": "defined"
                },
                {
                    "id": "vtkMRMLMarkupsFiducialNode_33",
                    "label": "F_33",
                    "description": "",
                    "associatedNodeID": "vtkMRMLVectorVolumeNode12\r",
                    "position": [-194.2584, -181.4627, 94.8404],
                    "orientation": [-1.0, -0.0, -0.0, -0.0, -1.0, -0.0, 0.0, 0.0, 1.0],
                    "selected": true,
                    "locked": false,
                    "visibility": true,
                    "positionStatus": "defined"
                },
                {
                    "id": "vtkMRMLMarkupsFiducialNode_34",
                    "label": "F_34",
                    "description": "",
                    "associatedNodeID": "vtkMRMLVectorVolumeNode12\r",
                    "position": [-235.493, -184.367, 96.8632],
                    "orientation": [-1.0, -0.0, -0.0, -0.0, -1.0, -0.0, 0.0, 0.0, 1.0],
                    "selected": true,
                    "locked": false,
                    "visibility": true,
                    "positionStatus": "defined"
                },
                {
                    "id": "vtkMRMLMarkupsFiducialNode_35",
                    "label": "F_35",
                    "description": "",
                    "associatedNodeID": "vtkMRMLVectorVolumeNode12\r",
                    "position": [-170.2234, -203.298, 100.3317],
                    "orientation": [-1.0, -0.0, -0.0, -0.0, -1.0, -0.0, 0.0, 0.0, 1.0],
                    "selected": true,
                    "locked": false,
                    "visibility": true,
                    "positionStatus": "defined"
                },
                {
                    "id": "vtkMRMLMarkupsFiducialNode_36",
                    "label": "F_36",
                    "description": "",
                    "associatedNodeID": "vtkMRMLVectorVolumeNode12\r",
                    "position": [-257.96, -206.72, 103.6573],
                    "orientation": [-1.0, -0.0, -0.0, -0.0, -1.0, -0.0, 0.0, 0.0, 1.0],
                    "selected": true,
                    "locked": false,
                    "visibility": true,
                    "positionStatus": "defined"
                },
                {
                    "id": "vtkMRMLMarkupsFiducialNode_37",
                    "label": "F_37",
                    "description": "",
                    "associatedNodeID": "vtkMRMLVectorVolumeNode12\r",
                    "position": [-179.2374, -223.03, 95.7741],
                    "orientation": [-1.0, -0.0, -0.0, -0.0, -1.0, -0.0, 0.0, 0.0, 1.0],
                    "selected": true,
                    "locked": false,
                    "visibility": true,
                    "positionStatus": "defined"
                },
                {
                    "id": "vtkMRMLMarkupsFiducialNode_38",
                    "label": "F_38",
                    "description": "",
                    "associatedNodeID": "vtkMRMLVectorVolumeNode12\r",
                    "position": [-247.101, -224.531, 98.2375],
                    "orientation": [-1.0, -0.0, -0.0, -0.0, -1.0, -0.0, 0.0, 0.0, 1.0],
                    "selected": true,
                    "locked": false,
                    "visibility": true,
                    "positionStatus": "defined"
                },
                {
                    "id": "vtkMRMLMarkupsFiducialNode_39",
                    "label": "F_39",
                    "description": "",
                    "associatedNodeID": "vtkMRMLVectorVolumeNode12\r",
                    "position": [-203.573, -244.462, 101.3776],
                    "orientation": [-1.0, -0.0, -0.0, -0.0, -1.0, -0.0, 0.0, 0.0, 1.0],
                    "selected": true,
                    "locked": false,
                    "visibility": true,
                    "positionStatus": "defined"
                },
                {
                    "id": "vtkMRMLMarkupsFiducialNode_40",
                    "label": "F_40",
                    "description": "",
                    "associatedNodeID": "vtkMRMLVectorVolumeNode12\r",
                    "position": [-222.806, -244.708, 102.2733],
                    "orientation": [-1.0, -0.0, -0.0, -0.0, -1.0, -0.0, 0.0, 0.0, 1.0],
                    "selected": true,
                    "locked": false,
                    "visibility": true,
                    "positionStatus": "defined"
                },
                {
                    "id": "vtkMRMLMarkupsFiducialNode_41",
                    "label": "F_41",
                    "description": "",
                    "associatedNodeID": "vtkMRMLVectorVolumeNode12\r",
                    "position": [-199.6444, -265.968, 96.8472],
                    "orientation": [-1.0, -0.0, -0.0, -0.0, -1.0, -0.0, 0.0, 0.0, 1.0],
                    "selected": true,
                    "locked": false,
                    "visibility": true,
                    "positionStatus": "defined"
                },
                {
                    "id": "vtkMRMLMarkupsFiducialNode_42",
                    "label": "F_42",
                    "description": "",
                    "associatedNodeID": "vtkMRMLVectorVolumeNode12\r",
                    "position": [-226.835, -266.203, 97.3976],
                    "orientation": [-1.0, -0.0, -0.0, -0.0, -1.0, -0.0, 0.0, 0.0, 1.0],
                    "selected": true,
                    "locked": false,
                    "visibility": true,
                    "positionStatus": "defined"
                },
                {
                    "id": "vtkMRMLMarkupsFiducialNode_43",
                    "label": "F_43",
                    "description": "",
                    "associatedNodeID": "vtkMRMLVectorVolumeNode12\r",
                    "position": [-179.9758, -294.847, 86.1236],
                    "orientation": [-1.0, -0.0, -0.0, -0.0, -1.0, -0.0, 0.0, 0.0, 1.0],
                    "selected": true,
                    "locked": false,
                    "visibility": true,
                    "positionStatus": "defined"
                },
                {
                    "id": "vtkMRMLMarkupsFiducialNode_44",
                    "label": "F_44",
                    "description": "",
                    "associatedNodeID": "vtkMRMLVectorVolumeNode12\r",
                    "position": [-244.99, -296.563, 88.4845],
                    "orientation": [-1.0, -0.0, -0.0, -0.0, -1.0, -0.0, 0.0, 0.0, 1.0],
                    "selected": true,
                    "locked": false,
                    "visibility": true,
                    "positionStatus": "defined"
                },
                {
                    "id": "vtkMRMLMarkupsFiducialNode_45",
                    "label": "F_45",
                    "description": "",
                    "associatedNodeID": "vtkMRMLVectorVolumeNode12\r",
                    "position": [-101.3989, -297.349, 98.4522],
                    "orientation": [-1.0, -0.0, -0.0, -0.0, -1.0, -0.0, 0.0, 0.0, 1.0],
                    "selected": true,
                    "locked": false,
                    "visibility": true,
                    "positionStatus": "defined"
                },
                {
                    "id": "vtkMRMLMarkupsFiducialNode_46",
                    "label": "F_46",
                    "description": "",
                    "associatedNodeID": "vtkMRMLVectorVolumeNode12\r",
                    "position": [-321.109, -303.346, 107.1371],
                    "orientation": [-1.0, -0.0, -0.0, -0.0, -1.0, -0.0, 0.0, 0.0, 1.0],
                    "selected": true,
                    "locked": false,
                    "visibility": true,
                    "positionStatus": "defined"
                },
                {
                    "id": "vtkMRMLMarkupsFiducialNode_47",
                    "label": "F_47",
                    "description": "",
                    "associatedNodeID": "vtkMRMLVectorVolumeNode12\r",
                    "position": [-106.4045, -340.613, 121.7235],
                    "orientation": [-1.0, -0.0, -0.0, -0.0, -1.0, -0.0, 0.0, 0.0, 1.0],
                    "selected": true,
                    "locked": false,
                    "visibility": true,
                    "positionStatus": "defined"
                },
                {
                    "id": "vtkMRMLMarkupsFiducialNode_48",
                    "label": "F_48",
                    "description": "",
                    "associatedNodeID": "vtkMRMLVectorVolumeNode12\r",
                    "position": [-306.114, -348.925, 137.4835],
                    "orientation": [-1.0, -0.0, -0.0, -0.0, -1.0, -0.0, 0.0, 0.0, 1.0],
                    "selected": true,
                    "locked": false,
                    "visibility": true,
                    "positionStatus": "defined"
                },
                {
                    "id": "vtkMRMLMarkupsFiducialNode_49",
                    "label": "F_49",
                    "description": "",
                    "associatedNodeID": "vtkMRMLVectorVolumeNode12\r",
                    "position": [-212.888, -310.249, 83.1413],
                    "orientation": [-1.0, -0.0, -0.0, -0.0, -1.0, -0.0, 0.0, 0.0, 1.0],
                    "selected": true,
                    "locked": false,
                    "visibility": true,
                    "positionStatus": "defined"
                },
                {
                    "id": "vtkMRMLMarkupsFiducialNode_50",
                    "label": "F_50",
                    "description": "",
                    "associatedNodeID": "vtkMRMLVectorVolumeNode12\r",
                    "position": [-194.9218, -391.751, 78.4879],
                    "orientation": [-1.0, -0.0, -0.0, -0.0, -1.0, -0.0, 0.0, 0.0, 1.0],
                    "selected": true,
                    "locked": false,
                    "visibility": true,
                    "positionStatus": "defined"
                },
                {
                    "id": "vtkMRMLMarkupsFiducialNode_51",
                    "label": "F_51",
                    "description": "",
                    "associatedNodeID": "vtkMRMLVectorVolumeNode12\r",
                    "position": [-224.424, -393.512, 78.2114],
                    "orientation": [-1.0, -0.0, -0.0, -0.0, -1.0, -0.0, 0.0, 0.0, 1.0],
                    "selected": true,
                    "locked": false,
                    "visibility": true,
                    "positionStatus": "defined"
                },
                {
                    "id": "vtkMRMLMarkupsFiducialNode_52",
                    "label": "F_52",
                    "description": "",
                    "associatedNodeID": "vtkMRMLVectorVolumeNode12\r",
                    "position": [-150.9924, -457.462, 58.3632],
                    "orientation": [-1.0, -0.0, -0.0, -0.0, -1.0, -0.0, 0.0, 0.0, 1.0],
                    "selected": true,
                    "locked": false,
                    "visibility": true,
                    "positionStatus": "defined"
                },
                {
                    "id": "vtkMRMLMarkupsFiducialNode_53",
                    "label": "F_53",
                    "description": "",
                    "associatedNodeID": "vtkMRMLVectorVolumeNode12\r",
                    "position": [-267.343, -460.335, 57.3739],
                    "orientation": [-1.0, -0.0, -0.0, -0.0, -1.0, -0.0, 0.0, 0.0, 1.0],
                    "selected": true,
                    "locked": false,
                    "visibility": true,
                    "positionStatus": "defined"
                },
                {
                    "id": "vtkMRMLMarkupsFiducialNode_54",
                    "label": "F_54",
                    "description": "",
                    "associatedNodeID": "vtkMRMLVectorVolumeNode12\r",
                    "position": [-207.07, -455.288, 65.8936],
                    "orientation": [-1.0, -0.0, -0.0, -0.0, -1.0, -0.0, 0.0, 0.0, 1.0],
                    "selected": true,
                    "locked": false,
                    "visibility": true,
                    "positionStatus": "defined"
                },
                {
                    "id": "vtkMRMLMarkupsFiducialNode_55",
                    "label": "F_55",
                    "description": "",
                    "associatedNodeID": "vtkMRMLVectorVolumeNode12\r",
                    "position": [-205.03, -511.508, 112.4347],
                    "orientation": [-1.0, -0.0, -0.0, -0.0, -1.0, -0.0, 0.0, 0.0, 1.0],
                    "selected": true,
                    "locked": false,
                    "visibility": true,
                    "positionStatus": "defined"
                }
            ],
            "measurements": [],
            "display": {
                "visibility": true,
                "opacity": 1.0,
                "color": [0.4, 1.0, 1.0],
                "selectedColor": [1.0, 0.5000076295109483, 0.5000076295109483],
                "activeColor": [0.4, 1.0, 0.0],
                "propertiesLabelVisibility": false,
                "pointLabelsVisibility": true,
                "textScale": 3.0,
                "glyphType": "Sphere3D",
                "glyphScale": 3.0,
                "glyphSize": 5.0,
                "useGlyphScale": true,
                "sliceProjection": false,
                "sliceProjectionUseFiducialColor": true,
                "sliceProjectionOutlinedBehindSlicePlane": false,
                "sliceProjectionColor": [1.0, 1.0, 1.0],
                "sliceProjectionOpacity": 0.6,
                "lineThickness": 0.2,
                "lineColorFadingStart": 1.0,
                "lineColorFadingEnd": 10.0,
                "lineColorFadingSaturation": 1.0,
                "lineColorFadingHueOffset": 0.0,
                "handlesInteractive": false,
                "translationHandleVisibility": true,
                "rotationHandleVisibility": true,
                "scaleHandleVisibility": true,
                "interactionHandleScale": 3.0,
                "snapMode": "toVisibleSurface"
            }
        }
    ]
}